tipo,tamanho,pre_only_ns,ci_lo_ns,ci_hi_ns,median_ns
random,16,73,72,75,74
random,32,82,79,86,83
random,64,117,110,124,122
random,128,171,163,180,186
random,256,278,265,292,293
random,512,540,509,578,566
random,1000,1259,1199,1317,1277
random,5000,15281,15189,15374,15278
random,10000,30357,30220,30496,30452
random,100000,302417,301184,303676,302578
random,1000000,3049145,3041021,3057497,3044259
random,10000000,29249582,29170314,29329278,29286000
turtles,16,67,66,69,67
turtles,32,82,79,86,86
turtles,64,112,105,119,112
turtles,128,167,157,178,177
turtles,256,261,243,278,289
turtles,512,474,442,505,525
turtles,1000,874,812,934,963
turtles,5000,3101,2970,3228,3185
turtles,10000,5662,5488,5827,5910
turtles,100000,44596,44324,44940,44302
turtles,1000000,537281,527394,549140,526101
turtles,10000000,4991644,4962377,5020677,4982058
zigzag,16,70,68,72,69
zigzag,32,83,79,87,87
zigzag,64,114,108,120,116
zigzag,128,164,155,173,176
zigzag,256,257,242,271,282
zigzag,512,461,433,489,504
zigzag,1000,861,807,915,877
zigzag,5000,3005,2918,3089,3081
zigzag,10000,5719,5607,5825,5903
zigzag,100000,48595,48163,49101,48249
zigzag,1000000,545303,541826,548857,543369
zigzag,10000000,5173726,5146146,5202108,5160233
almostsorted,16,72,71,74,73
almostsorted,32,82,78,85,83
almostsorted,64,112,105,118,112
almostsorted,128,157,148,166,171
almostsorted,256,247,233,261,265
almostsorted,512,462,437,486,511
almostsorted,1000,826,792,859,879
almostsorted,5000,3646,3573,3716,3724
almostsorted,10000,7311,7152,7488,7332
almostsorted,100000,66593,65912,67384,65964
almostsorted,1000000,713734,708685,718807,709228
almostsorted,10000000,6867355,6837854,6898258,6856755
duplicates,16,69,67,71,67
duplicates,32,81,78,85,84
duplicates,64,114,107,121,116
duplicates,128,172,163,180,186
duplicates,256,274,262,285,293
duplicates,512,510,486,534,548
duplicates,1000,993,951,1033,1044
duplicates,5000,13874,13789,13963,13913
duplicates,10000,27630,27500,27760,27696
duplicates,100000,272625,271254,274382,271587
duplicates,1000000,2668854,2663275,2674475,2667991
duplicates,10000000,25050565,24983220,25121613,24985025
inverted,16,70,68,72,69
inverted,32,82,79,86,81
inverted,64,117,110,125,121
inverted,128,165,155,175,182
inverted,256,263,246,279,293
inverted,512,473,441,503,538
inverted,1000,844,790,895,909
inverted,5000,3202,3067,3336,3279
inverted,10000,5693,5535,5842,5855
inverted,100000,44488,44189,44802,44129
inverted,1000000,517050,513019,521275,512887
inverted,10000000,5004048,4977352,5032818,4994875
sawtooth,16,73,71,74,74
sawtooth,32,81,78,85,84
sawtooth,64,119,112,126,123
sawtooth,128,190,174,205,197
sawtooth,256,244,230,258,256
sawtooth,512,421,397,444,462
sawtooth,1000,717,690,743,750
sawtooth,5000,3188,3064,3304,3346
sawtooth,10000,5099,4916,5286,4984
sawtooth,100000,42037,41755,42326,41999
sawtooth,1000000,490928,488321,493530,490808
sawtooth,10000000,5030946,4953295,5139056,4952879
organpipe,16,70,68,71,70
organpipe,32,81,78,84,85
organpipe,64,141,131,150,155
organpipe,128,197,182,212,206
organpipe,256,263,250,275,278
organpipe,512,482,457,508,514
organpipe,1000,779,749,807,813
organpipe,5000,3241,3126,3353,3333
organpipe,10000,5858,5774,5943,5868
organpipe,100000,52338,52031,52685,52196
organpipe,1000000,589982,587102,592949,590686
organpipe,10000000,6084302,6045345,6124024,6059209
fewruns,16,69,68,71,70
fewruns,32,81,78,84,84
fewruns,64,140,129,152,149
fewruns,128,178,165,190,182
fewruns,256,254,238,270,275
fewruns,512,456,429,481,493
fewruns,1000,710,681,736,754
fewruns,5000,3115,2996,3231,3251
fewruns,10000,5493,5404,5582,5539
fewruns,100000,48804,48534,49099,48665
fewruns,1000000,558896,554748,564786,556679
fewruns,10000000,5778354,5749726,5807208,5785180
real,16,69,67,71,68
real,32,88,81,96,87
real,64,133,123,142,133
real,128,198,182,214,221
real,256,251,236,264,277
real,512,464,433,494,512
real,1000,775,733,829,797
real,5000,3809,3714,3903,3856
real,10000,6971,6901,7041,7011
real,100000,232107,231179,233085,231829
