seed,sort,tipo,tamanho,R,media_puro_ns,media_pre_ns,ganho_pct,ganho_lo,ganho_hi,lr_media,lr_lo,lr_hi,p_melhora,sig,sinal,valido
42,merge,random,10000,50,415514,428752,-3.19,-3.58,-2.76,0.0314,0.0272,0.0352,0.0000,1,-,1
42,quick,random,10000,50,329500,348744,-5.84,-6.30,-5.39,0.0568,0.0525,0.0611,0.0000,1,-,1
42,insertion,random,10000,50,10091774,5584136,44.67,44.03,45.33,-0.5915,-0.6038,-0.5803,1.0000,1,+,1
42,bubble,random,10000,50,22022410,19299718,12.36,10.84,14.00,-0.1330,-0.1509,-0.1148,1.0000,1,+,1
42,selection,random,10000,50,21221110,21308172,-0.41,-1.53,0.70,0.0039,-0.0070,0.0152,0.2444,0,-,1
42,stdunstable,random,10000,50,73704,104870,-42.29,-43.50,-41.25,0.3528,0.3454,0.3612,0.0000,1,-,1
42,stdstable,random,10000,50,110308,142320,-29.02,-31.04,-26.96,0.2543,0.2387,0.2703,0.0000,1,-,1
42,descreverse,random,10000,50,5264426,2913418,44.66,43.64,45.62,-0.5918,-0.6092,-0.5734,1.0000,1,+,1
42,merge,turtles,10000,50,119376,137240,-14.96,-16.28,-13.52,0.1377,0.1268,0.1508,0.0000,1,-,1
42,quick,turtles,10000,50,137256,142088,-3.52,-4.57,-2.49,0.0347,0.0246,0.0447,0.0000,1,-,1
42,insertion,turtles,10000,50,12738714,7577974,40.51,39.44,41.62,-0.5193,-0.5381,-0.5015,1.0000,1,+,1
42,bubble,turtles,10000,50,18856298,13746954,27.10,26.02,28.20,-0.3161,-0.3312,-0.3013,1.0000,1,+,1
42,selection,turtles,10000,50,21073956,20319530,3.58,2.18,4.98,-0.0363,-0.0511,-0.0220,1.0000,1,+,1
42,stdunstable,turtles,10000,50,44302,48330,-9.09,-10.02,-8.19,0.0871,0.0787,0.0955,0.0000,1,-,1
42,stdstable,turtles,10000,50,22680,27359,-20.63,-23.41,-17.92,0.1874,0.1649,0.2104,0.0000,1,-,1
42,descreverse,turtles,10000,50,6406538,3887080,39.33,37.80,40.92,-0.5013,-0.5262,-0.4748,1.0000,1,+,1
42,merge,zigzag,10000,50,130594,109422,16.21,15.27,17.05,-0.1758,-0.1869,-0.1657,1.0000,1,+,1
42,quick,zigzag,10000,50,354924,367344,-3.50,-5.43,-1.12,0.0327,0.0112,0.0529,0.0026,1,-,1
42,insertion,zigzag,10000,50,10433564,9980,99.90,99.90,99.91,-6.9603,-6.9903,-6.9238,1.0000,1,+,1
42,bubble,zigzag,10000,50,19113566,16266,99.91,99.91,99.92,-7.0815,-7.1218,-7.0373,1.0000,1,+,1
42,selection,zigzag,10000,50,21798772,21774680,0.11,-1.41,1.59,-0.0011,-0.0161,0.0140,0.5586,0,+,1
42,stdunstable,zigzag,10000,50,65966,62684,4.98,4.22,5.70,-0.0513,-0.0587,-0.0431,1.0000,1,+,1
42,stdstable,zigzag,10000,50,87260,43752,49.86,49.42,50.38,-0.6897,-0.7008,-0.6816,1.0000,1,+,1
42,descreverse,zigzag,10000,50,5914926,10066,99.83,99.82,99.84,-6.3801,-6.4275,-6.3303,1.0000,1,+,1
42,merge,almostsorted,10000,50,129022,133834,-3.73,-4.23,-3.23,0.0367,0.0318,0.0415,0.0000,1,-,1
42,quick,almostsorted,10000,50,219942,219874,0.03,-9.94,7.43,0.0098,-0.0773,0.0948,0.4112,0,-,1
42,insertion,almostsorted,10000,50,272462,167612,38.48,37.52,39.32,-0.4851,-0.4995,-0.4703,1.0000,1,+,1
42,bubble,almostsorted,10000,50,20465788,17652486,13.75,10.63,17.07,-0.1507,-0.1872,-0.1124,1.0000,1,+,1
42,selection,almostsorted,10000,50,20979422,20976138,0.02,-1.60,1.59,-0.0003,-0.0160,0.0159,0.5084,0,+,1
42,stdunstable,almostsorted,10000,50,75272,82474,-9.57,-11.19,-7.74,0.0924,0.0746,0.1061,0.0000,1,-,1
42,stdstable,almostsorted,10000,50,129990,133734,-2.88,-6.10,1.34,0.0256,-0.0135,0.0592,0.0871,0,-,1
42,descreverse,almostsorted,10000,50,239998,145374,39.43,36.77,42.04,-0.5002,-0.5454,-0.4584,1.0000,1,+,1
42,merge,duplicates,10000,50,193314,192788,0.27,-0.84,1.51,-0.0020,-0.0152,0.0083,0.6054,0,+,1
42,quick,duplicates,10000,50,37788,52896,-39.98,-43.68,-37.44,0.3387,0.3180,0.3624,0.0000,1,-,1
42,insertion,duplicates,10000,50,6897390,2683976,61.09,60.24,61.96,-0.9456,-0.9665,-0.9224,1.0000,1,+,1
42,bubble,duplicates,10000,50,20400558,16906252,17.13,15.57,18.83,-0.1890,-0.2087,-0.1692,1.0000,1,+,1
42,selection,duplicates,10000,50,20975274,21042044,-0.32,-2.03,1.39,0.0031,-0.0140,0.0201,0.3656,0,-,1
42,stdunstable,duplicates,10000,50,12117,26592,-119.46,-124.00,-114.74,0.7839,0.7643,0.8065,0.0000,1,-,1
42,stdstable,duplicates,10000,50,16629,33283,-100.15,-111.13,-94.31,0.7061,0.6643,0.7473,0.0000,1,-,1
42,descreverse,duplicates,10000,50,3663172,1432400,60.90,59.21,62.71,-0.9415,-0.9865,-0.8966,1.0000,1,+,1
42,merge,inverted,10000,50,144086,125566,12.85,11.13,15.09,-0.1409,-0.1635,-0.1180,1.0000,1,+,1
42,quick,inverted,10000,50,311810,421066,-35.04,-36.84,-33.47,0.3012,0.2887,0.3137,0.0000,1,-,1
42,insertion,inverted,10000,50,21248828,8626,99.96,99.96,99.96,-7.8151,-7.8431,-7.7832,1.0000,1,+,1
42,bubble,inverted,10000,50,20767748,7994,99.96,99.96,99.96,-7.8650,-7.8874,-7.8423,1.0000,1,+,1
42,selection,inverted,10000,50,18764430,20977040,-11.79,-13.99,-9.73,0.1115,0.0928,0.1309,0.0000,1,-,1
42,stdunstable,inverted,10000,50,2567,6471,-152.13,-157.32,-146.55,0.9239,0.9024,0.9451,0.0000,1,-,1
42,stdstable,inverted,10000,50,2938,6780,-130.81,-132.51,-127.38,0.8323,0.8215,0.8438,0.0000,1,-,1
42,descreverse,inverted,10000,50,9298,8674,6.72,4.16,8.30,-0.0637,-0.0867,-0.0425,1.0000,1,+,1
42,merge,sawtooth,10000,50,136382,141034,-3.41,-4.60,-2.28,0.0331,0.0225,0.0450,0.0000,1,-,1
42,quick,sawtooth,10000,50,20549,24921,-21.28,-22.72,-20.22,0.1942,0.1841,0.2047,0.0000,1,-,1
42,insertion,sawtooth,10000,50,9820734,4601894,53.14,52.14,54.10,-0.7582,-0.7788,-0.7368,1.0000,1,+,1
42,bubble,sawtooth,10000,50,18773482,12350264,34.21,32.53,36.03,-0.4206,-0.4468,-0.3935,1.0000,1,+,1
42,selection,sawtooth,10000,50,20967316,21083360,-0.55,-1.89,0.80,0.0053,-0.0080,0.0187,0.2198,0,-,1
42,stdunstable,sawtooth,10000,50,21345,26913,-26.09,-26.61,-25.61,0.2318,0.2280,0.2360,0.0000,1,-,1
42,stdstable,sawtooth,10000,50,26388,29774,-12.83,-15.43,-10.06,0.1255,0.0958,0.1435,0.0000,1,-,1
42,descreverse,sawtooth,10000,50,5033332,2290042,54.50,53.27,55.58,-0.7845,-0.8115,-0.7608,1.0000,1,+,1
42,merge,organpipe,10000,50,118746,124798,-5.10,-6.16,-3.43,0.0475,0.0337,0.0598,0.0000,1,-,1
42,quick,organpipe,10000,50,265562,271170,-2.11,-2.98,-1.32,0.0206,0.0131,0.0294,0.0000,1,-,1
42,insertion,organpipe,10000,50,10336514,10386886,-0.49,-2.17,1.07,0.0040,-0.0107,0.0215,0.3307,0,-,1
42,bubble,organpipe,10000,50,18204098,18063920,0.77,-0.22,1.72,-0.0074,-0.0174,0.0022,0.9301,0,+,1
42,selection,organpipe,10000,50,20189794,20173614,0.08,-1.18,1.34,-0.0007,-0.0135,0.0117,0.5366,0,+,1
42,stdunstable,organpipe,10000,50,69914,74908,-7.14,-8.55,-5.82,0.0692,0.0566,0.0820,0.0000,1,-,1
42,stdstable,organpipe,10000,50,19330,34153,-76.68,-78.51,-75.03,0.5696,0.5598,0.5795,0.0000,1,-,1
42,descreverse,organpipe,10000,50,5390558,5314038,1.42,-1.50,4.24,-0.0130,-0.0433,0.0149,0.8029,0,+,1
42,merge,fewruns,10000,50,114090,118484,-3.85,-6.63,-1.18,0.0406,0.0117,0.0642,0.0035,1,-,1
42,quick,fewruns,10000,50,279876,283416,-1.26,-3.05,0.32,0.0134,-0.0032,0.0301,0.0557,0,-,1
42,insertion,fewruns,10000,50,1343254,1371294,-2.09,-4.59,0.90,0.0173,-0.0090,0.0448,0.1081,0,-,1
42,bubble,fewruns,10000,50,4067616,4179886,-2.76,-4.41,-0.79,0.0253,0.0079,0.0432,0.0017,1,-,1
42,selection,fewruns,10000,50,20340818,20638748,-1.46,-3.26,0.35,0.0129,-0.0035,0.0320,0.0671,0,-,1
42,stdunstable,fewruns,10000,50,57956,62506,-7.85,-8.33,-7.42,0.0756,0.0716,0.0800,0.0000,1,-,1
42,stdstable,fewruns,10000,50,30076,39176,-30.26,-32.43,-27.58,0.2624,0.2436,0.2809,0.0000,1,-,1
42,descreverse,fewruns,10000,50,680856,665338,2.28,-1.02,5.09,-0.0146,-0.0522,0.0101,0.8003,0,+,1
42,merge,real,10000,50,283378,292564,-3.24,-4.27,-2.16,0.0313,0.0214,0.0418,0.0000,1,-,1
42,quick,real,10000,50,89920,105800,-17.66,-22.08,-13.47,0.1625,0.1263,0.1995,0.0000,1,-,1
42,insertion,real,10000,50,9113232,5317766,41.65,40.47,42.86,-0.5404,-0.5597,-0.5187,1.0000,1,+,1
42,bubble,real,10000,50,21286260,18797890,11.69,10.22,13.12,-0.1247,-0.1407,-0.1078,1.0000,1,+,1
42,selection,real,10000,50,20782102,20731152,0.25,-1.84,2.29,-0.0025,-0.0231,0.0182,0.5889,0,+,1
42,stdunstable,real,10000,50,26892,35952,-33.69,-37.74,-27.58,0.2787,0.2436,0.3202,0.0000,1,-,1
42,stdstable,real,10000,50,30426,38696,-27.18,-30.98,-20.75,0.2262,0.1886,0.2699,0.0000,1,-,1
42,descreverse,real,10000,50,4633052,2677818,42.20,40.86,43.51,-0.5489,-0.5710,-0.5253,1.0000,1,+,1
43,merge,random,10000,50,426126,443404,-4.05,-5.37,-2.82,0.0397,0.0278,0.0523,0.0000,1,-,1
43,quick,random,10000,50,327722,347166,-5.93,-6.65,-5.19,0.0578,0.0506,0.0644,0.0000,1,-,1
43,insertion,random,10000,50,10169524,5597444,44.96,44.04,45.87,-0.5975,-0.6137,-0.5805,1.0000,1,+,1
43,bubble,random,10000,50,22362110,19238452,13.97,12.42,15.65,-0.1511,-0.1703,-0.1326,1.0000,1,+,1
43,selection,random,10000,50,21349978,21200902,0.70,-1.09,2.36,-0.0065,-0.0239,0.0108,0.7745,0,+,1
43,stdunstable,random,10000,50,76996,107012,-38.98,-42.44,-36.57,0.3337,0.3116,0.3538,0.0000,1,-,1
43,stdstable,random,10000,50,106332,137334,-29.16,-30.53,-28.05,0.2563,0.2473,0.2664,0.0000,1,-,1
43,descreverse,random,10000,50,5351648,2894940,45.91,44.23,47.53,-0.6125,-0.6448,-0.5838,1.0000,1,+,1
43,merge,turtles,10000,50,115982,131422,-13.31,-14.31,-12.05,0.1256,0.1138,0.1337,0.0000,1,-,1
43,quick,turtles,10000,50,138554,145240,-4.83,-6.31,-3.51,0.0470,0.0345,0.0612,0.0000,1,-,1
43,insertion,turtles,10000,50,12637942,7517886,40.51,39.56,41.46,-0.5198,-0.5355,-0.5035,1.0000,1,+,1
43,bubble,turtles,10000,50,18820804,13760142,26.89,25.64,28.25,-0.3138,-0.3321,-0.2962,1.0000,1,+,1
43,selection,turtles,10000,50,20876796,20091788,3.76,2.29,5.22,-0.0385,-0.0536,-0.0231,1.0000,1,+,1
43,stdunstable,turtles,10000,50,44220,48232,-9.07,-10.29,-7.79,0.0871,0.0750,0.0979,0.0000,1,-,1
43,stdstable,turtles,10000,50,21214,25229,-18.93,-20.09,-17.66,0.1732,0.1627,0.1830,0.0000,1,-,1
43,descreverse,turtles,10000,50,6427386,3847192,40.14,38.95,41.36,-0.5141,-0.5337,-0.4935,1.0000,1,+,1
43,merge,zigzag,10000,50,130880,110192,15.81,15.30,16.30,-0.1722,-0.1779,-0.1660,1.0000,1,+,1
43,quick,zigzag,10000,50,355032,367298,-3.45,-5.83,-1.31,0.0336,0.0130,0.0567,0.0005,1,-,1
43,insertion,zigzag,10000,50,10473128,9884,99.91,99.90,99.91,-6.9702,-6.9939,-6.9418,1.0000,1,+,1
43,bubble,zigzag,10000,50,18903716,16428,99.91,99.91,99.92,-7.0746,-7.1272,-7.0124,1.0000,1,+,1
43,selection,zigzag,10000,50,20677742,20518998,0.77,-0.32,1.83,-0.0076,-0.0185,0.0032,0.9164,0,+,1
43,stdunstable,zigzag,10000,50,65790,62384,5.18,4.91,5.46,-0.0532,-0.0561,-0.0503,1.0000,1,+,1
43,stdstable,zigzag,10000,50,87306,43432,50.25,49.71,50.89,-0.6975,-0.7111,-0.6873,1.0000,1,+,1
43,descreverse,zigzag,10000,50,5790080,9584,99.83,99.83,99.84,-6.3975,-6.4346,-6.3630,1.0000,1,+,1
43,merge,almostsorted,10000,50,128586,133412,-3.75,-4.53,-2.70,0.0371,0.0267,0.0443,0.0000,1,-,1
43,quick,almostsorted,10000,50,220052,225518,-2.48,-10.68,7.89,0.0075,-0.0822,0.1015,0.4336,0,-,1
43,insertion,almostsorted,10000,50,283914,171780,39.50,37.71,40.72,-0.4976,-0.5229,-0.4733,1.0000,1,+,1
43,bubble,almostsorted,10000,50,19217430,16800544,12.58,9.61,15.97,-0.1379,-0.1740,-0.1010,1.0000,1,+,1
43,selection,almostsorted,10000,50,20730520,20760312,-0.14,-1.68,1.36,0.0018,-0.0136,0.0166,0.4089,0,-,1
43,stdunstable,almostsorted,10000,50,73726,79708,-8.11,-10.62,-5.54,0.0831,0.0539,0.1009,0.0000,1,-,1
43,stdstable,almostsorted,10000,50,130196,132934,-2.10,-3.99,-0.22,0.0225,0.0022,0.0391,0.0168,1,-,1
43,descreverse,almostsorted,10000,50,219392,141080,35.70,32.59,36.74,-0.4276,-0.4579,-0.3944,1.0000,1,+,1
43,merge,duplicates,10000,50,193088,193042,0.02,-0.53,0.47,-0.0002,-0.0048,0.0053,0.5619,0,+,1
43,quick,duplicates,10000,50,37814,52362,-38.47,-43.12,-35.76,0.3288,0.3057,0.3585,0.0000,1,-,1
43,insertion,duplicates,10000,50,7010074,2646348,62.25,61.25,63.15,-0.9728,-0.9984,-0.9481,1.0000,1,+,1
43,bubble,duplicates,10000,50,20144614,16754986,16.83,15.27,18.47,-0.1850,-0.2042,-0.1657,1.0000,1,+,1
43,selection,duplicates,10000,50,20864510,20676532,0.90,-0.62,2.47,-0.0081,-0.0250,0.0062,0.8402,0,+,1
43,stdunstable,duplicates,10000,50,14116,29246,-107.18,-118.42,-100.08,0.7386,0.6935,0.7812,0.0000,1,-,1
43,stdstable,duplicates,10000,50,13979,30941,-121.33,-126.49,-115.23,0.7903,0.7665,0.8175,0.0000,1,-,1
43,descreverse,duplicates,10000,50,3533134,1379588,60.95,59.75,61.93,-0.9395,-0.9659,-0.9100,1.0000,1,+,1
43,merge,inverted,10000,50,121002,104850,13.35,12.79,13.93,-0.1434,-0.1500,-0.1368,1.0000,1,+,1
43,quick,inverted,10000,50,307776,420966,-36.78,-39.25,-34.05,0.3123,0.2931,0.3311,0.0000,1,-,1
43,insertion,inverted,10000,50,20591852,8434,99.96,99.96,99.96,-7.8069,-7.8303,-7.7730,1.0000,1,+,1
43,bubble,inverted,10000,50,20657640,8182,99.96,99.96,99.96,-7.8394,-7.8675,-7.8066,1.0000,1,+,1
43,selection,inverted,10000,50,18583784,20820342,-12.03,-13.71,-10.40,0.1141,0.0990,0.1285,0.0000,1,-,1
43,stdunstable,inverted,10000,50,2770,6957,-151.16,-158.37,-141.26,0.9131,0.8807,0.9492,0.0000,1,-,1
43,stdstable,inverted,10000,50,2722,6384,-134.50,-139.69,-129.75,0.8488,0.8318,0.8742,0.0000,1,-,1
43,descreverse,inverted,10000,50,8581,8104,5.56,4.50,6.78,-0.0567,-0.0702,-0.0461,1.0000,1,+,1
43,merge,sawtooth,10000,50,130760,134608,-2.94,-3.67,-2.18,0.0292,0.0216,0.0360,0.0000,1,-,1
43,quick,sawtooth,10000,50,21242,26141,-23.06,-25.79,-20.06,0.2063,0.1828,0.2295,0.0000,1,-,1
43,insertion,sawtooth,10000,50,9746414,4632824,52.47,51.13,53.81,-0.7448,-0.7725,-0.7159,1.0000,1,+,1
43,bubble,sawtooth,10000,50,18498772,12091876,34.63,33.28,36.02,-0.4259,-0.4466,-0.4046,1.0000,1,+,1
43,selection,sawtooth,10000,50,20689746,20809260,-0.58,-2.03,0.85,0.0056,-0.0086,0.0201,0.2213,0,-,1
43,stdunstable,sawtooth,10000,50,22181,27564,-24.27,-27.81,-21.74,0.2226,0.1967,0.2453,0.0000,1,-,1
43,stdstable,sawtooth,10000,50,25784,29598,-14.79,-15.50,-14.07,0.1379,0.1316,0.1441,0.0000,1,-,1
43,descreverse,sawtooth,10000,50,4886716,2329288,52.33,50.87,53.86,-0.7441,-0.7735,-0.7106,1.0000,1,+,1
43,merge,organpipe,10000,50,138330,145076,-4.88,-7.48,-2.42,0.0471,0.0239,0.0721,0.0000,1,-,1
43,quick,organpipe,10000,50,262976,267190,-1.60,-2.13,-1.06,0.0159,0.0105,0.0211,0.0000,1,-,1
43,insertion,organpipe,10000,50,10296554,10541316,-2.38,-4.60,-0.09,0.0220,0.0009,0.0450,0.0210,1,-,1
43,bubble,organpipe,10000,50,18026202,18024280,0.01,-1.22,1.19,-0.0001,-0.0119,0.0122,0.4938,0,+,1
43,selection,organpipe,10000,50,20109952,20239570,-0.64,-2.72,1.39,0.0063,-0.0140,0.0268,0.2701,0,-,1
43,stdunstable,organpipe,10000,50,75572,82504,-9.17,-11.10,-6.30,0.0830,0.0611,0.1053,0.0000,1,-,1
43,stdstable,organpipe,10000,50,19231,33762,-75.56,-79.26,-72.51,0.5645,0.5453,0.5837,0.0000,1,-,1
43,descreverse,organpipe,10000,50,5398852,5218986,3.33,0.46,5.93,-0.0320,-0.0611,-0.0046,0.9897,1,+,1
43,merge,fewruns,10000,50,109020,114630,-5.15,-5.80,-4.41,0.0503,0.0432,0.0564,0.0000,1,-,1
43,quick,fewruns,10000,50,290866,300028,-3.15,-5.71,-0.52,0.0282,0.0052,0.0555,0.0057,1,-,1
43,insertion,fewruns,10000,50,1288124,1306108,-1.40,-3.17,0.33,0.0122,-0.0033,0.0312,0.0733,0,-,1
43,bubble,fewruns,10000,50,4143882,4130700,0.32,-2.48,2.85,-0.0025,-0.0290,0.0245,0.5754,0,+,1
43,selection,fewruns,10000,50,20667106,20565018,0.49,-1.05,1.97,-0.0048,-0.0199,0.0104,0.7212,0,+,1
43,stdunstable,fewruns,10000,50,58772,63332,-7.76,-8.39,-7.16,0.0747,0.0691,0.0806,0.0000,1,-,1
43,stdstable,fewruns,10000,50,29004,36840,-27.02,-29.13,-24.79,0.2376,0.2215,0.2557,0.0000,1,-,1
43,descreverse,fewruns,10000,50,688838,689882,-0.15,-2.00,1.14,0.0032,-0.0115,0.0198,0.3442,0,-,1
43,merge,real,10000,50,286280,295734,-3.30,-4.21,-2.34,0.0324,0.0232,0.0413,0.0000,1,-,1
43,quick,real,10000,50,89596,104860,-17.04,-21.57,-12.99,0.1586,0.1221,0.1953,0.0000,1,-,1
43,insertion,real,10000,50,9404998,5361170,43.00,41.61,44.35,-0.5617,-0.5860,-0.5381,1.0000,1,+,1
43,bubble,real,10000,50,22146236,19813302,10.53,8.93,12.33,-0.1125,-0.1316,-0.0935,1.0000,1,+,1
43,selection,real,10000,50,21050392,20806402,1.16,-0.38,2.58,-0.0115,-0.0262,0.0038,0.9317,0,+,1
43,stdunstable,real,10000,50,27570,35406,-28.42,-32.09,-24.49,0.2450,0.2190,0.2783,0.0000,1,-,1
43,stdstable,real,10000,50,31080,38088,-22.55,-26.26,-16.72,0.1897,0.1546,0.2332,0.0000,1,-,1
43,descreverse,real,10000,50,4818458,2775310,42.40,40.49,44.46,-0.5539,-0.5880,-0.5190,1.0000,1,+,1
44,merge,random,10000,50,427946,442778,-3.47,-4.57,-2.37,0.0341,0.0234,0.0446,0.0000,1,-,1
44,quick,random,10000,50,345216,352588,-2.14,-6.35,0.35,0.0347,-0.0035,0.0615,0.0351,0,-,1
44,insertion,random,10000,50,10401684,5730878,44.90,43.92,45.83,-0.5960,-0.6130,-0.5784,1.0000,1,+,1
44,bubble,random,10000,50,23343592,20321554,12.95,11.39,14.62,-0.1396,-0.1581,-0.1210,1.0000,1,+,1
44,selection,random,10000,50,21320488,21198654,0.57,-1.27,2.32,-0.0053,-0.0235,0.0126,0.7113,0,+,1
44,stdunstable,random,10000,50,74406,105226,-41.42,-43.11,-39.71,0.3474,0.3344,0.3585,0.0000,1,-,1
44,stdstable,random,10000,50,110988,141694,-27.67,-29.29,-26.01,0.2454,0.2312,0.2569,0.0000,1,-,1
44,descreverse,random,10000,50,5191340,3001660,42.18,40.58,44.16,-0.5528,-0.5827,-0.5206,1.0000,1,+,1
44,merge,turtles,10000,50,113546,129852,-14.36,-14.71,-13.97,0.1342,0.1308,0.1372,0.0000,1,-,1
44,quick,turtles,10000,50,146358,149550,-2.18,-5.41,0.66,0.0259,-0.0066,0.0527,0.0527,0,-,1
44,insertion,turtles,10000,50,13424488,7837230,41.62,40.31,42.92,-0.5381,-0.5607,-0.5160,1.0000,1,+,1
44,bubble,turtles,10000,50,19532638,14512610,25.70,24.05,27.40,-0.2983,-0.3202,-0.2750,1.0000,1,+,1
44,selection,turtles,10000,50,22036180,21787550,1.13,-1.69,3.86,-0.0127,-0.0394,0.0168,0.8144,0,+,1
44,stdunstable,turtles,10000,50,46402,50308,-8.42,-11.24,-5.97,0.0823,0.0580,0.1066,0.0000,1,-,1
44,stdstable,turtles,10000,50,21028,25530,-21.41,-22.49,-20.25,0.1939,0.1844,0.2028,0.0000,1,-,1
44,descreverse,turtles,10000,50,6671982,4000392,40.04,38.61,41.56,-0.5131,-0.5371,-0.4879,1.0000,1,+,1
44,merge,zigzag,10000,50,140436,120266,14.36,13.52,15.55,-0.1583,-0.1690,-0.1452,1.0000,1,+,1
44,quick,zigzag,10000,50,439390,450618,-2.56,-3.50,-1.31,0.0243,0.0130,0.0344,0.0001,1,-,1
44,insertion,zigzag,10000,50,11442340,10658,99.91,99.90,99.91,-6.9832,-7.0366,-6.9330,1.0000,1,+,1
44,bubble,zigzag,10000,50,19594438,16902,99.91,99.91,99.92,-7.0731,-7.1238,-7.0160,1.0000,1,+,1
44,selection,zigzag,10000,50,21588190,21168698,1.94,-0.08,3.42,-0.0171,-0.0347,0.0008,0.9689,0,+,1
44,stdunstable,zigzag,10000,50,75802,71388,5.82,3.28,7.94,-0.0588,-0.0827,-0.0334,1.0000,1,+,1
44,stdstable,zigzag,10000,50,98128,48146,50.94,49.06,52.14,-0.7026,-0.7370,-0.6745,1.0000,1,+,1
44,descreverse,zigzag,10000,50,5800392,9754,99.83,99.82,99.84,-6.3792,-6.4284,-6.3316,1.0000,1,+,1
44,merge,almostsorted,10000,50,130190,136170,-4.59,-6.39,-3.00,0.0449,0.0295,0.0619,0.0000,1,-,1
44,quick,almostsorted,10000,50,205912,211210,-2.57,-11.44,5.31,0.0280,-0.0545,0.1083,0.2575,0,-,1
44,insertion,almostsorted,10000,50,281982,175934,37.61,35.88,39.24,-0.4722,-0.4983,-0.4444,1.0000,1,+,1
44,bubble,almostsorted,10000,50,19837876,17031836,14.14,10.74,18.39,-0.1579,-0.2033,-0.1137,1.0000,1,+,1
44,selection,almostsorted,10000,50,21131074,21083070,0.23,-1.93,2.25,-0.0020,-0.0227,0.0191,0.5827,0,+,1
44,stdunstable,almostsorted,10000,50,72808,80726,-10.88,-11.99,-9.98,0.1029,0.0951,0.1132,0.0000,1,-,1
44,stdstable,almostsorted,10000,50,134790,135334,-0.40,-4.62,2.89,0.0130,-0.0293,0.0452,0.2346,0,-,1
44,descreverse,almostsorted,10000,50,255004,156058,38.80,36.62,40.73,-0.4879,-0.5230,-0.4560,1.0000,1,+,1
44,merge,duplicates,10000,50,203886,209338,-2.67,-5.12,2.08,0.0108,-0.0210,0.0500,0.3010,0,-,1
44,quick,duplicates,10000,50,37734,52652,-39.53,-44.40,-36.96,0.3366,0.3146,0.3674,0.0000,1,-,1
44,insertion,duplicates,10000,50,6994574,2658702,61.99,61.48,62.46,-0.9670,-0.9797,-0.9539,1.0000,1,+,1
44,bubble,duplicates,10000,50,20428670,17541870,14.13,12.37,16.69,-0.1588,-0.1826,-0.1320,1.0000,1,+,1
44,selection,duplicates,10000,50,20869026,21115256,-1.18,-2.46,0.17,0.0114,-0.0017,0.0243,0.0437,0,-,1
44,stdunstable,duplicates,10000,50,12250,26461,-116.00,-121.83,-109.97,0.7703,0.7418,0.7968,0.0000,1,-,1
44,stdstable,duplicates,10000,50,14130,30013,-112.40,-113.96,-110.67,0.7532,0.7451,0.7606,0.0000,1,-,1
44,descreverse,duplicates,10000,50,3586740,1416558,60.51,59.37,61.91,-0.9339,-0.9652,-0.9006,1.0000,1,+,1
44,merge,inverted,10000,50,125758,108218,13.95,12.76,15.35,-0.1521,-0.1667,-0.1365,1.0000,1,+,1
44,quick,inverted,10000,50,308076,413370,-34.18,-36.51,-31.88,0.2954,0.2767,0.3112,0.0000,1,-,1
44,insertion,inverted,10000,50,20759726,8464,99.96,99.96,99.96,-7.8084,-7.8275,-7.7837,1.0000,1,+,1
44,bubble,inverted,10000,50,20577426,8444,99.96,99.96,99.96,-7.8118,-7.8515,-7.7649,1.0000,1,+,1
44,selection,inverted,10000,50,18481826,20852944,-12.83,-14.42,-11.19,0.1210,0.1061,0.1347,0.0000,1,-,1
44,stdunstable,inverted,10000,50,2692,6676,-147.98,-152.05,-141.62,0.9022,0.8822,0.9245,0.0000,1,-,1
44,stdstable,inverted,10000,50,2785,6254,-124.57,-129.47,-119.35,0.8133,0.7855,0.8306,0.0000,1,-,1
44,descreverse,inverted,10000,50,10276,9647,6.12,2.83,9.21,-0.0624,-0.0967,-0.0287,0.9997,1,+,1
44,merge,sawtooth,10000,50,128892,133752,-3.77,-4.24,-3.27,0.0371,0.0322,0.0416,0.0000,1,-,1
44,quick,sawtooth,10000,50,20521,24974,-21.70,-23.06,-20.80,0.1974,0.1889,0.2075,0.0000,1,-,1
44,insertion,sawtooth,10000,50,9793966,4594240,53.09,52.09,54.08,-0.7567,-0.7782,-0.7359,1.0000,1,+,1
44,bubble,sawtooth,10000,50,18651086,12299560,34.05,32.64,35.46,-0.4169,-0.4379,-0.3951,1.0000,1,+,1
44,selection,sawtooth,10000,50,20780802,21002868,-1.07,-2.73,0.65,0.0104,-0.0065,0.0269,0.1059,0,-,1
44,stdunstable,sawtooth,10000,50,21685,27233,-25.58,-28.52,-22.35,0.2307,0.2017,0.2509,0.0000,1,-,1
44,stdstable,sawtooth,10000,50,25964,29868,-15.04,-16.07,-13.94,0.1404,0.1305,0.1490,0.0000,1,-,1
44,descreverse,sawtooth,10000,50,4955490,2308932,53.41,52.03,54.67,-0.7637,-0.7912,-0.7345,1.0000,1,+,1
44,merge,organpipe,10000,50,114092,119194,-4.47,-4.93,-4.03,0.0437,0.0395,0.0481,0.0000,1,-,1
44,quick,organpipe,10000,50,264842,270540,-2.15,-3.37,-0.75,0.0201,0.0074,0.0331,0.0011,1,-,1
44,insertion,organpipe,10000,50,10497728,10338472,1.52,-0.71,3.53,-0.0141,-0.0359,0.0071,0.9067,0,+,1
44,bubble,organpipe,10000,50,18097810,18173412,-0.42,-1.75,0.87,0.0040,-0.0087,0.0174,0.2771,0,-,1
44,selection,organpipe,10000,50,20144660,20113494,0.15,-1.87,2.08,-0.0019,-0.0210,0.0185,0.5849,0,+,1
44,stdunstable,organpipe,10000,50,69276,74124,-7.00,-7.58,-6.39,0.0677,0.0619,0.0730,0.0000,1,-,1
44,stdstable,organpipe,10000,50,21430,38209,-78.30,-82.90,-72.12,0.5778,0.5430,0.6038,0.0000,1,-,1
44,descreverse,organpipe,10000,50,5428080,5294228,2.47,-1.66,6.40,-0.0253,-0.0661,0.0165,0.8775,0,+,1
44,merge,fewruns,10000,50,108866,115226,-5.84,-6.26,-5.45,0.0567,0.0530,0.0607,0.0000,1,-,1
44,quick,fewruns,10000,50,276226,278858,-0.95,-1.92,0.09,0.0102,-0.0009,0.0190,0.0333,0,-,1
44,insertion,fewruns,10000,50,1320948,1301104,1.50,-1.07,3.80,-0.0111,-0.0388,0.0106,0.8081,0,+,1
44,bubble,fewruns,10000,50,4161652,4070746,2.18,0.05,4.43,-0.0217,-0.0453,-0.0005,0.9773,1,+,1
44,selection,fewruns,10000,50,20495894,20587298,-0.45,-1.64,0.71,0.0042,-0.0072,0.0162,0.2350,0,-,1
44,stdunstable,fewruns,10000,50,59796,64274,-7.49,-8.43,-6.60,0.0727,0.0639,0.0809,0.0000,1,-,1
44,stdstable,fewruns,10000,50,28498,35618,-24.98,-25.80,-24.06,0.2232,0.2156,0.2295,0.0000,1,-,1
44,descreverse,fewruns,10000,50,699428,725930,-3.79,-6.94,0.34,0.0282,-0.0035,0.0671,0.0424,0,-,1
44,merge,real,10000,50,287208,295254,-2.80,-3.91,-1.68,0.0274,0.0167,0.0383,0.0000,1,-,1
44,quick,real,10000,50,89890,106474,-18.45,-23.17,-14.32,0.1705,0.1339,0.2084,0.0000,1,-,1
44,insertion,real,10000,50,9338910,5421804,41.94,40.77,43.13,-0.5450,-0.5644,-0.5237,1.0000,1,+,1
44,bubble,real,10000,50,21965014,19787964,9.91,8.90,11.07,-0.1051,-0.1174,-0.0932,1.0000,1,+,1
44,selection,real,10000,50,20898078,21113118,-1.03,-2.36,0.38,0.0103,-0.0038,0.0233,0.0688,0,-,1
44,stdunstable,real,10000,50,27818,36690,-31.89,-37.47,-24.78,0.2682,0.2213,0.3182,0.0000,1,-,1
44,stdstable,real,10000,50,30592,37264,-21.81,-25.02,-17.90,0.1896,0.1646,0.2233,0.0000,1,-,1
44,descreverse,real,10000,50,4704814,2717338,42.24,40.61,43.84,-0.5494,-0.5770,-0.5210,1.0000,1,+,1
45,merge,random,10000,50,422572,438260,-3.71,-4.48,-2.82,0.0361,0.0278,0.0438,0.0000,1,-,1
45,quick,random,10000,50,335578,351908,-4.87,-5.84,-3.82,0.0478,0.0375,0.0568,0.0000,1,-,1
45,insertion,random,10000,50,10412518,5791692,44.38,42.89,45.93,-0.5886,-0.6150,-0.5602,1.0000,1,+,1
45,bubble,random,10000,50,23331484,20389776,12.61,11.31,13.98,-0.1353,-0.1506,-0.1201,1.0000,1,+,1
45,selection,random,10000,50,21319092,21310362,0.04,-2.23,2.34,-0.0004,-0.0237,0.0220,0.5088,0,+,1
45,stdunstable,random,10000,50,73256,104540,-42.71,-43.36,-42.10,0.3556,0.3514,0.3602,0.0000,1,-,1
45,stdstable,random,10000,50,116612,148512,-27.36,-31.61,-22.98,0.2429,0.2068,0.2747,0.0000,1,-,1
45,descreverse,random,10000,50,5245498,2909246,44.54,43.22,45.80,-0.5896,-0.6125,-0.5659,1.0000,1,+,1
45,merge,turtles,10000,50,115632,131742,-13.93,-14.66,-13.21,0.1309,0.1241,0.1368,0.0000,1,-,1
45,quick,turtles,10000,50,148250,158090,-6.64,-9.72,-3.65,0.0630,0.0359,0.0927,0.0000,1,-,1
45,insertion,turtles,10000,50,12743000,7488176,41.24,40.26,42.14,-0.5315,-0.5472,-0.5152,1.0000,1,+,1
45,bubble,turtles,10000,50,18867424,13904384,26.30,25.12,27.53,-0.3058,-0.3219,-0.2892,1.0000,1,+,1
45,selection,turtles,10000,50,21117796,20562644,2.63,0.66,4.64,-0.0270,-0.0475,-0.0066,0.9951,1,+,1
45,stdunstable,turtles,10000,50,44138,48016,-8.79,-9.44,-8.06,0.0844,0.0775,0.0902,0.0000,1,-,1
45,stdstable,turtles,10000,50,21039,25932,-23.26,-24.21,-22.24,0.2092,0.2008,0.2168,0.0000,1,-,1
45,descreverse,turtles,10000,50,6601500,3815686,42.20,39.66,44.39,-0.5456,-0.5867,-0.5052,1.0000,1,+,1
45,merge,zigzag,10000,50,129406,109004,15.77,15.25,16.33,-0.1714,-0.1783,-0.1655,1.0000,1,+,1
45,quick,zigzag,10000,50,380406,369872,2.77,-1.33,4.95,-0.0153,-0.0507,0.0132,0.8254,0,+,1
45,insertion,zigzag,10000,50,10496468,9826,99.91,99.90,99.91,-6.9775,-7.0037,-6.9461,1.0000,1,+,1
45,bubble,zigzag,10000,50,19125592,16420,99.91,99.91,99.92,-7.0798,-7.1301,-7.0245,1.0000,1,+,1
45,selection,zigzag,10000,50,20861472,20878104,-0.08,-1.50,1.35,0.0004,-0.0136,0.0149,0.4796,0,-,1
45,stdunstable,zigzag,10000,50,67432,63438,5.92,3.96,7.78,-0.0609,-0.0810,-0.0404,1.0000,1,+,1
45,stdstable,zigzag,10000,50,87362,43982,49.66,49.18,50.09,-0.6867,-0.6949,-0.6769,1.0000,1,+,1
45,descreverse,zigzag,10000,50,5903936,10372,99.82,99.81,99.84,-6.3605,-6.4349,-6.2817,1.0000,1,+,1
45,merge,almostsorted,10000,50,132446,135314,-2.17,-4.19,-0.14,0.0241,0.0014,0.0410,0.0183,1,-,1
45,quick,almostsorted,10000,50,208608,221734,-6.29,-14.99,4.37,0.0481,-0.0447,0.1396,0.1551,0,-,1
45,insertion,almostsorted,10000,50,306200,181448,40.74,38.07,42.69,-0.5156,-0.5568,-0.4792,1.0000,1,+,1
45,bubble,almostsorted,10000,50,19085592,16701706,12.49,8.60,16.35,-0.1341,-0.1786,-0.0899,1.0000,1,+,1
45,selection,almostsorted,10000,50,20888218,21050210,-0.78,-2.85,1.36,0.0073,-0.0137,0.0281,0.2469,0,-,1
45,stdunstable,almostsorted,10000,50,72900,80192,-10.00,-10.83,-9.10,0.0954,0.0871,0.1028,0.0000,1,-,1
45,stdstable,almostsorted,10000,50,126010,127322,-1.04,-2.78,0.72,0.0110,-0.0072,0.0274,0.1058,0,-,1
45,descreverse,almostsorted,10000,50,243748,152396,37.48,33.50,40.15,-0.4625,-0.5134,-0.4080,1.0000,1,+,1
45,merge,duplicates,10000,50,193976,193676,0.15,-0.78,1.09,-0.0014,-0.0110,0.0078,0.6203,0,+,1
45,quick,duplicates,10000,50,37138,52048,-40.15,-45.40,-37.49,0.3414,0.3184,0.3743,0.0000,1,-,1
45,insertion,duplicates,10000,50,6920022,2694848,61.06,60.29,61.87,-0.9443,-0.9642,-0.9236,1.0000,1,+,1
45,bubble,duplicates,10000,50,20370140,16525774,18.87,17.72,20.02,-0.2093,-0.2234,-0.1950,1.0000,1,+,1
45,selection,duplicates,10000,50,20970338,20998890,-0.14,-1.88,1.55,0.0016,-0.0156,0.0187,0.4223,0,-,1
45,stdunstable,duplicates,10000,50,12277,26848,-118.69,-124.03,-113.69,0.7815,0.7594,0.8066,0.0000,1,-,1
45,stdstable,duplicates,10000,50,15047,31143,-106.96,-113.75,-102.96,0.7364,0.7078,0.7596,0.0000,1,-,1
45,descreverse,duplicates,10000,50,3609782,1411738,60.89,59.57,62.30,-0.9391,-0.9756,-0.9055,1.0000,1,+,1
45,merge,inverted,10000,50,122712,105580,13.96,13.02,14.89,-0.1507,-0.1612,-0.1395,1.0000,1,+,1
45,quick,inverted,10000,50,295456,407888,-38.05,-40.61,-35.48,0.3195,0.3037,0.3408,0.0000,1,-,1
45,insertion,inverted,10000,50,21136368,8288,99.96,99.96,99.96,-7.8433,-7.8562,-7.8307,1.0000,1,+,1
45,bubble,inverted,10000,50,20728978,8406,99.96,99.96,99.96,-7.8242,-7.8645,-7.7773,1.0000,1,+,1
45,selection,inverted,10000,50,18672272,20908224,-11.97,-14.11,-9.98,0.1134,0.0952,0.1320,0.0000,1,-,1
45,stdunstable,inverted,10000,50,3253,7423,-128.22,-142.47,-112.25,0.8214,0.7526,0.8857,0.0000,1,-,1
45,stdstable,inverted,10000,50,2733,6285,-129.93,-131.65,-127.94,0.8327,0.8239,0.8401,0.0000,1,-,1
45,descreverse,inverted,10000,50,8629,8170,5.33,4.25,6.44,-0.0546,-0.0666,-0.0434,1.0000,1,+,1
45,merge,sawtooth,10000,50,163394,167244,-2.36,-5.63,1.87,0.0187,-0.0189,0.0548,0.1563,0,-,1
45,quick,sawtooth,10000,50,20516,24861,-21.18,-22.89,-20.10,0.1932,0.1832,0.2062,0.0000,1,-,1
45,insertion,sawtooth,10000,50,9734974,4654012,52.19,51.12,53.21,-0.7385,-0.7596,-0.7157,1.0000,1,+,1
45,bubble,sawtooth,10000,50,18794560,12507562,33.45,31.77,35.21,-0.4091,-0.4341,-0.3822,1.0000,1,+,1
45,selection,sawtooth,10000,50,21004046,20995994,0.04,-1.49,1.58,-0.0010,-0.0159,0.0148,0.5581,0,+,1
45,stdunstable,sawtooth,10000,50,21511,27155,-26.24,-28.55,-24.21,0.2305,0.2168,0.2511,0.0000,1,-,1
45,stdstable,sawtooth,10000,50,26108,30302,-16.06,-17.28,-14.75,0.1483,0.1376,0.1594,0.0000,1,-,1
45,descreverse,sawtooth,10000,50,5079070,2388940,52.97,51.29,54.80,-0.7594,-0.7940,-0.7193,1.0000,1,+,1
45,merge,organpipe,10000,50,115808,120604,-4.14,-5.77,-2.55,0.0406,0.0251,0.0561,0.0000,1,-,1
45,quick,organpipe,10000,50,265684,270190,-1.70,-2.50,-0.87,0.0171,0.0087,0.0247,0.0003,1,-,1
45,insertion,organpipe,10000,50,10329360,10401492,-0.70,-2.68,1.23,0.0063,-0.0123,0.0265,0.2663,0,-,1
45,bubble,organpipe,10000,50,18197806,18129474,0.38,-0.90,1.59,-0.0035,-0.0160,0.0089,0.7117,0,+,1
45,selection,organpipe,10000,50,19999878,20273778,-1.37,-2.75,0.02,0.0131,-0.0002,0.0271,0.0270,0,-,1
45,stdunstable,organpipe,10000,50,69824,75994,-8.84,-10.42,-7.15,0.0810,0.0691,0.0991,0.0000,1,-,1
45,stdstable,organpipe,10000,50,19432,34970,-79.96,-83.02,-75.91,0.5833,0.5648,0.6044,0.0000,1,-,1
45,descreverse,organpipe,10000,50,5297440,5397188,-1.88,-6.10,2.87,0.0147,-0.0292,0.0592,0.2680,0,-,1
45,merge,fewruns,10000,50,110152,118656,-7.72,-9.30,-5.90,0.0710,0.0574,0.0889,0.0000,1,-,1
45,quick,fewruns,10000,50,273516,278984,-2.00,-2.73,-1.40,0.0195,0.0139,0.0270,0.0000,1,-,1
45,insertion,fewruns,10000,50,1292430,1336670,-3.42,-6.13,-0.47,0.0291,0.0047,0.0595,0.0067,1,-,1
45,bubble,fewruns,10000,50,4135566,4134696,0.02,-2.45,2.19,0.0010,-0.0222,0.0242,0.4644,0,-,1
45,selection,fewruns,10000,50,20659822,20580070,0.39,-0.94,1.69,-0.0035,-0.0171,0.0094,0.6921,0,+,1
45,stdunstable,fewruns,10000,50,60098,64192,-6.81,-8.28,-5.55,0.0676,0.0540,0.0795,0.0000,1,-,1
45,stdstable,fewruns,10000,50,28428,35654,-25.42,-26.40,-24.40,0.2265,0.2184,0.2343,0.0000,1,-,1
45,descreverse,fewruns,10000,50,696800,692356,0.64,-1.97,3.27,-0.0041,-0.0333,0.0196,0.5983,0,+,1
45,merge,real,10000,50,308920,314124,-1.68,-6.06,2.05,0.0229,-0.0207,0.0589,0.1322,0,-,1
45,quick,real,10000,50,89854,105672,-17.60,-21.92,-13.67,0.1630,0.1281,0.1982,0.0000,1,-,1
45,insertion,real,10000,50,9394622,5355302,43.00,42.19,43.84,-0.5628,-0.5770,-0.5480,1.0000,1,+,1
45,bubble,real,10000,50,22031204,19523684,11.38,10.14,12.70,-0.1216,-0.1358,-0.1069,1.0000,1,+,1
45,selection,real,10000,50,20905458,21052522,-0.70,-1.70,0.31,0.0070,-0.0031,0.0169,0.0872,0,-,1
45,stdunstable,real,10000,50,27520,37024,-34.53,-38.33,-28.00,0.2822,0.2469,0.3245,0.0000,1,-,1
45,stdstable,real,10000,50,30482,36596,-20.06,-22.56,-17.67,0.1791,0.1627,0.2034,0.0000,1,-,1
45,descreverse,real,10000,50,4700086,2714530,42.25,40.95,43.51,-0.5500,-0.5710,-0.5267,1.0000,1,+,1
46,merge,random,10000,50,422304,437282,-3.55,-4.66,-2.47,0.0349,0.0244,0.0456,0.0000,1,-,1
46,quick,random,10000,50,351130,378564,-7.81,-11.58,-2.79,0.0643,0.0275,0.1096,0.0002,1,-,1
46,insertion,random,10000,50,10360420,5747976,44.52,43.78,45.29,-0.5897,-0.6031,-0.5758,1.0000,1,+,1
46,bubble,random,10000,50,23163758,20223144,12.69,11.31,14.04,-0.1360,-0.1513,-0.1200,1.0000,1,+,1
46,selection,random,10000,50,21291404,21265066,0.12,-1.91,2.12,-0.0003,-0.0214,0.0189,0.4976,0,+,1
46,stdunstable,random,10000,50,75718,107468,-41.93,-43.91,-40.34,0.3511,0.3389,0.3640,0.0000,1,-,1
46,stdstable,random,10000,50,106206,138032,-29.97,-31.68,-28.68,0.2623,0.2521,0.2752,0.0000,1,-,1
46,descreverse,random,10000,50,5167958,2907224,43.75,42.64,44.81,-0.5747,-0.5945,-0.5558,1.0000,1,+,1
46,merge,turtles,10000,50,117194,133692,-14.08,-15.33,-13.18,0.1312,0.1238,0.1427,0.0000,1,-,1
46,quick,turtles,10000,50,150226,153932,-2.47,-8.60,2.86,0.0271,-0.0290,0.0825,0.1613,0,-,1
46,insertion,turtles,10000,50,13526996,7899520,41.60,40.11,43.15,-0.5393,-0.5647,-0.5127,1.0000,1,+,1
46,bubble,turtles,10000,50,18903564,13994390,25.97,24.83,27.09,-0.3012,-0.3159,-0.2854,1.0000,1,+,1
46,selection,turtles,10000,50,23078622,21648176,6.20,2.73,9.11,-0.0602,-0.0955,-0.0277,0.9999,1,+,1
46,stdunstable,turtles,10000,50,44664,49946,-11.83,-13.47,-9.68,0.1081,0.0924,0.1264,0.0000,1,-,1
46,stdstable,turtles,10000,50,21113,25707,-21.76,-22.75,-20.70,0.1968,0.1882,0.2050,0.0000,1,-,1
46,descreverse,turtles,10000,50,6561244,3848234,41.35,39.64,42.91,-0.5321,-0.5606,-0.5048,1.0000,1,+,1
46,merge,zigzag,10000,50,144702,122888,15.08,13.80,16.23,-0.1636,-0.1771,-0.1485,1.0000,1,+,1
46,quick,zigzag,10000,50,368302,362746,1.51,-0.75,3.18,-0.0115,-0.0323,0.0074,0.8693,0,+,1
46,insertion,zigzag,10000,50,10571224,10034,99.91,99.90,99.91,-6.9673,-6.9955,-6.9336,1.0000,1,+,1
46,bubble,zigzag,10000,50,19063322,15914,99.92,99.91,99.92,-7.0980,-7.1336,-7.0574,1.0000,1,+,1
46,selection,zigzag,10000,50,20715584,20798318,-0.40,-1.42,0.61,0.0041,-0.0061,0.0141,0.2147,0,-,1
46,stdunstable,zigzag,10000,50,68964,65532,4.98,4.24,5.90,-0.0519,-0.0608,-0.0433,1.0000,1,+,1
46,stdstable,zigzag,10000,50,87026,44096,49.33,48.38,50.10,-0.6817,-0.6951,-0.6613,1.0000,1,+,1
46,descreverse,zigzag,10000,50,5934842,9670,99.84,99.83,99.84,-6.4105,-6.4569,-6.3672,1.0000,1,+,1
46,merge,almostsorted,10000,50,128542,133760,-4.06,-4.74,-3.44,0.0397,0.0338,0.0463,0.0000,1,-,1
46,quick,almostsorted,10000,50,207002,214568,-3.66,-11.55,5.07,0.0295,-0.0521,0.1093,0.2355,0,-,1
46,insertion,almostsorted,10000,50,329810,205622,37.65,35.03,40.56,-0.4771,-0.5202,-0.4312,1.0000,1,+,1
46,bubble,almostsorted,10000,50,19202626,17043994,11.24,7.51,15.64,-0.1232,-0.1701,-0.0781,1.0000,1,+,1
46,selection,almostsorted,10000,50,22136048,21997534,0.63,-2.81,3.60,-0.0070,-0.0367,0.0277,0.6873,0,+,1
46,stdunstable,almostsorted,10000,50,94618,104248,-10.18,-12.82,-8.13,0.0994,0.0781,0.1206,0.0000,1,-,1
46,stdstable,almostsorted,10000,50,120854,123978,-2.58,-4.16,-1.12,0.0258,0.0111,0.0407,0.0003,1,-,1
46,descreverse,almostsorted,10000,50,263554,168440,36.09,33.81,38.97,-0.4536,-0.4938,-0.4126,1.0000,1,+,1
46,merge,duplicates,10000,50,206126,203940,1.06,-0.56,2.59,-0.0101,-0.0262,0.0056,0.8958,0,+,1
46,quick,duplicates,10000,50,37954,52580,-38.54,-45.24,-35.33,0.3317,0.3025,0.3732,0.0000,1,-,1
46,insertion,duplicates,10000,50,7134708,2908494,59.23,57.93,60.85,-0.9035,-0.9377,-0.8659,1.0000,1,+,1
46,bubble,duplicates,10000,50,20851902,17250798,17.27,15.23,19.33,-0.1906,-0.2148,-0.1652,1.0000,1,+,1
46,selection,duplicates,10000,50,22669492,22697028,-0.12,-3.32,2.73,0.0026,-0.0277,0.0327,0.4283,0,-,1
46,stdunstable,duplicates,10000,50,13247,33708,-154.46,-165.77,-147.00,0.9423,0.9042,0.9775,0.0000,1,-,1
46,stdstable,duplicates,10000,50,14477,30955,-113.83,-119.23,-108.74,0.7605,0.7359,0.7850,0.0000,1,-,1
46,descreverse,duplicates,10000,50,3619812,1489114,58.86,57.09,61.18,-0.8981,-0.9464,-0.8461,1.0000,1,+,1
46,merge,inverted,10000,50,121804,107184,12.00,11.06,13.01,-0.1282,-0.1393,-0.1172,1.0000,1,+,1
46,quick,inverted,10000,50,306574,417494,-36.18,-39.05,-33.22,0.3069,0.2868,0.3296,0.0000,1,-,1
46,insertion,inverted,10000,50,20877442,8418,99.96,99.96,99.96,-7.8184,-7.8381,-7.7937,1.0000,1,+,1
46,bubble,inverted,10000,50,20996000,8078,99.96,99.96,99.96,-7.8657,-7.8890,-7.8413,1.0000,1,+,1
46,selection,inverted,10000,50,18770350,20937258,-11.54,-13.63,-9.58,0.1101,0.0915,0.1277,0.0000,1,-,1
46,stdunstable,inverted,10000,50,2570,6337,-146.58,-151.16,-141.43,0.9007,0.8814,0.9209,0.0000,1,-,1
46,stdstable,inverted,10000,50,2873,6791,-136.35,-139.68,-130.52,0.8528,0.8352,0.8742,0.0000,1,-,1
46,descreverse,inverted,10000,50,8582,8175,4.74,3.79,5.58,-0.0491,-0.0574,-0.0386,1.0000,1,+,1
46,merge,sawtooth,10000,50,137314,143742,-4.68,-6.80,-2.14,0.0433,0.0212,0.0657,0.0000,1,-,1
46,quick,sawtooth,10000,50,20715,24958,-20.48,-25.56,-17.38,0.1975,0.1603,0.2276,0.0000,1,-,1
46,insertion,sawtooth,10000,50,10034808,4767256,52.49,51.25,53.98,-0.7467,-0.7761,-0.7184,1.0000,1,+,1
46,bubble,sawtooth,10000,50,18723644,12481936,33.34,31.71,34.95,-0.4059,-0.4299,-0.3814,1.0000,1,+,1
46,selection,sawtooth,10000,50,21958410,21749404,0.95,-1.86,3.42,-0.0074,-0.0348,0.0185,0.7053,0,+,1
46,stdunstable,sawtooth,10000,50,21522,27149,-26.15,-28.78,-23.81,0.2304,0.2136,0.2529,0.0000,1,-,1
46,stdstable,sawtooth,10000,50,27134,31224,-15.07,-18.26,-12.30,0.1427,0.1160,0.1677,0.0000,1,-,1
46,descreverse,sawtooth,10000,50,5128172,2340382,54.36,52.29,56.15,-0.7809,-0.8245,-0.7401,1.0000,1,+,1
46,merge,organpipe,10000,50,119404,125108,-4.78,-6.83,-2.63,0.0466,0.0260,0.0660,0.0001,1,-,1
46,quick,organpipe,10000,50,267922,273700,-2.16,-3.36,-1.12,0.0207,0.0112,0.0331,0.0000,1,-,1
46,insertion,organpipe,10000,50,10449396,10449852,-0.00,-1.56,1.66,-0.0008,-0.0167,0.0155,0.5271,0,+,1
46,bubble,organpipe,10000,50,18141232,18118184,0.13,-0.98,1.22,-0.0014,-0.0123,0.0097,0.6157,0,+,1
46,selection,organpipe,10000,50,20181096,20181724,-0.00,-1.36,1.33,0.0001,-0.0134,0.0135,0.4896,0,-,1
46,stdunstable,organpipe,10000,50,72366,76340,-5.49,-7.47,-3.97,0.0558,0.0389,0.0721,0.0000,1,-,1
46,stdstable,organpipe,10000,50,19346,33776,-74.59,-79.31,-70.72,0.5585,0.5348,0.5840,0.0000,1,-,1
46,descreverse,organpipe,10000,50,5371916,5303158,1.28,-1.02,3.43,-0.0117,-0.0349,0.0101,0.8397,0,+,1
46,merge,fewruns,10000,50,109270,115000,-5.24,-5.62,-4.80,0.0512,0.0469,0.0547,0.0000,1,-,1
46,quick,fewruns,10000,50,286930,290086,-1.10,-3.30,1.02,0.0118,-0.0103,0.0325,0.1365,0,-,1
46,insertion,fewruns,10000,50,1317080,1307426,0.73,-1.84,3.17,-0.0064,-0.0322,0.0183,0.6986,0,+,1
46,bubble,fewruns,10000,50,4141132,4209562,-1.65,-3.30,0.15,0.0154,-0.0015,0.0325,0.0376,0,-,1
46,selection,fewruns,10000,50,20690862,20823246,-0.64,-1.92,0.62,0.0059,-0.0062,0.0190,0.1832,0,-,1
46,stdunstable,fewruns,10000,50,60540,65170,-7.65,-10.02,-5.41,0.0738,0.0527,0.0955,0.0000,1,-,1
46,stdstable,fewruns,10000,50,29000,36110,-24.52,-27.39,-21.40,0.2231,0.1939,0.2421,0.0000,1,-,1
46,descreverse,fewruns,10000,50,683874,686400,-0.37,-2.86,2.00,0.0035,-0.0202,0.0282,0.3961,0,-,1
46,merge,real,10000,50,289766,300044,-3.55,-4.59,-2.52,0.0344,0.0249,0.0449,0.0000,1,-,1
46,quick,real,10000,50,91014,108160,-18.84,-23.64,-14.63,0.1745,0.1366,0.2122,0.0000,1,-,1
46,insertion,real,10000,50,9366376,5516374,41.10,39.65,42.73,-0.5333,-0.5575,-0.5050,1.0000,1,+,1
46,bubble,real,10000,50,22030944,19562808,11.20,10.02,12.52,-0.1195,-0.1337,-0.1056,1.0000,1,+,1
46,selection,real,10000,50,21107750,20959366,0.70,-0.50,1.85,-0.0068,-0.0187,0.0050,0.8758,0,+,1
46,stdunstable,real,10000,50,27416,36446,-32.94,-37.31,-26.92,0.2734,0.2384,0.3171,0.0000,1,-,1
46,stdstable,real,10000,50,34760,41170,-18.44,-22.96,-13.27,0.1644,0.1246,0.2067,0.0000,1,-,1
46,descreverse,real,10000,50,4758666,2746078,42.29,40.64,44.02,-0.5501,-0.5802,-0.5215,1.0000,1,+,1
42,merge,random,1000000,50,66382950,67012862,-0.95,-3.29,1.21,0.0095,-0.0122,0.0324,0.1944,0,-,1
42,quick,random,1000000,50,48895544,50568686,-3.42,-3.92,-2.93,0.0336,0.0289,0.0384,0.0000,1,-,1
42,stdunstable,random,1000000,50,10453934,13486318,-29.01,-31.05,-27.06,0.2549,0.2395,0.2704,0.0000,1,-,1
42,stdstable,random,1000000,50,15443618,18171600,-17.66,-19.29,-16.03,0.1629,0.1487,0.1764,0.0000,1,-,1
42,merge,turtles,1000000,50,16602290,17988964,-8.35,-12.86,-3.72,0.0796,0.0366,0.1210,0.0002,1,-,1
42,quick,turtles,1000000,50,94420614,95245464,-0.87,-1.47,-0.27,0.0086,0.0027,0.0146,0.0024,1,-,1
42,stdunstable,turtles,1000000,50,6609916,6882496,-4.12,-6.75,-1.58,0.0396,0.0157,0.0654,0.0008,1,-,1
42,stdstable,turtles,1000000,50,3104300,3213552,-3.52,-6.62,-1.15,0.0372,0.0114,0.0641,0.0019,1,-,1
42,merge,zigzag,1000000,50,18149568,14859796,18.13,13.33,22.42,-0.1992,-0.2538,-0.1430,1.0000,1,+,1
42,quick,zigzag,1000000,50,287683424,313983494,-9.14,-9.62,-8.68,0.0875,0.0832,0.0918,0.0000,1,-,1
42,stdunstable,zigzag,1000000,50,11467704,9370020,18.29,16.99,19.57,-0.2028,-0.2178,-0.1862,1.0000,1,+,1
42,stdstable,zigzag,1000000,50,15463486,6433536,58.40,57.70,59.07,-0.8772,-0.8934,-0.8603,1.0000,1,+,1
42,merge,almostsorted,1000000,50,19267562,20607216,-6.95,-12.51,-0.47,0.0600,0.0047,0.1179,0.0186,1,-,1
42,quick,almostsorted,1000000,50,27805112,26744772,3.81,-4.08,10.21,-0.0342,-0.1077,0.0400,0.8180,0,+,1
42,stdunstable,almostsorted,1000000,50,10851012,11268486,-3.85,-5.73,-2.09,0.0380,0.0207,0.0558,0.0000,1,-,1
42,stdstable,almostsorted,1000000,50,11443850,11746990,-2.65,-4.42,-0.95,0.0266,0.0094,0.0433,0.0012,1,-,1
42,merge,duplicates,1000000,50,26017610,23869800,8.26,4.68,10.90,-0.0791,-0.1154,-0.0479,1.0000,1,+,1
42,quick,duplicates,1000000,50,3853904,5105124,-32.47,-34.58,-30.53,0.2817,0.2664,0.2970,0.0000,1,-,1
42,stdunstable,duplicates,1000000,50,1255086,3923454,-212.60,-216.76,-208.40,1.1399,1.1262,1.1530,0.0000,1,-,1
42,stdstable,duplicates,1000000,50,2530540,4823004,-90.59,-100.60,-84.56,0.6553,0.6128,0.6961,0.0000,1,-,1
42,merge,inverted,1000000,50,16507930,14385796,12.86,7.14,17.13,-0.1274,-0.1879,-0.0741,1.0000,1,+,1
42,quick,inverted,1000000,50,256820052,361497822,-40.76,-41.36,-40.19,0.3418,0.3379,0.3462,0.0000,1,-,1
42,stdunstable,inverted,1000000,50,293316,639114,-117.89,-132.28,-108.87,0.7919,0.7365,0.8428,0.0000,1,-,1
42,stdstable,inverted,1000000,50,308178,664912,-115.76,-123.84,-109.86,0.7764,0.7413,0.8058,0.0000,1,-,1
42,merge,sawtooth,1000000,50,18324848,18892346,-3.10,-7.18,1.80,0.0258,-0.0182,0.0693,0.1237,0,-,1
42,quick,sawtooth,1000000,50,2952126,3076006,-4.20,-6.03,-2.57,0.0429,0.0254,0.0585,0.0000,1,-,1
42,stdunstable,sawtooth,1000000,50,2458702,2650880,-7.82,-11.07,-5.00,0.0771,0.0487,0.1050,0.0000,1,-,1
42,stdstable,sawtooth,1000000,50,3668414,3633176,0.96,-2.25,3.83,-0.0091,-0.0391,0.0223,0.7154,0,+,1
42,merge,organpipe,1000000,50,15525382,15379264,0.94,-5.66,5.39,0.0006,-0.0554,0.0551,0.4876,0,-,1
42,quick,organpipe,1000000,50,3520568592,3497203108,0.66,0.05,1.35,-0.0064,-0.0136,-0.0005,0.9872,1,+,1
42,stdunstable,organpipe,1000000,50,12463834,12814494,-2.81,-5.27,-0.59,0.0291,0.0058,0.0513,0.0074,1,-,1
42,stdstable,organpipe,1000000,50,2420468,3956052,-63.44,-69.27,-56.38,0.4846,0.4471,0.5263,0.0000,1,-,1
42,merge,fewruns,1000000,50,16001438,16121426,-0.75,-7.23,3.74,0.0173,-0.0382,0.0698,0.2564,0,-,1
42,quick,fewruns,1000000,50,246201708,246404762,-0.08,-0.56,0.39,0.0009,-0.0039,0.0055,0.3344,0,-,1
42,stdunstable,fewruns,1000000,50,9469406,9862994,-4.16,-6.09,-2.28,0.0405,0.0225,0.0591,0.0000,1,-,1
42,stdstable,fewruns,1000000,50,3525288,4189760,-18.85,-21.07,-16.80,0.1732,0.1553,0.1912,0.0000,1,-,1
43,merge,random,1000000,50,66214262,67979894,-2.67,-5.46,0.10,0.0253,-0.0010,0.0531,0.0301,0,-,1
43,quick,random,1000000,50,48579458,50279996,-3.50,-3.84,-3.16,0.0344,0.0312,0.0377,0.0000,1,-,1
43,stdunstable,random,1000000,50,10560004,13577000,-28.57,-30.61,-26.58,0.2518,0.2357,0.2670,0.0000,1,-,1
43,stdstable,random,1000000,50,15964986,18588674,-16.43,-18.58,-14.44,0.1527,0.1349,0.1704,0.0000,1,-,1
43,merge,turtles,1000000,50,18123480,22796178,-25.78,-32.88,-12.73,0.1984,0.1198,0.2842,0.0000,1,-,1
43,quick,turtles,1000000,50,99103922,99177056,-0.07,-0.86,0.75,0.0006,-0.0076,0.0086,0.4323,0,-,1
43,stdunstable,turtles,1000000,50,7430310,7483900,-0.72,-4.21,2.73,0.0074,-0.0277,0.0412,0.3307,0,-,1
43,stdstable,turtles,1000000,50,3543882,3500502,1.22,-4.86,6.06,-0.0080,-0.0626,0.0475,0.6145,0,+,1
43,merge,zigzag,1000000,50,19191344,15805340,17.64,12.95,21.69,-0.1895,-0.2445,-0.1387,1.0000,1,+,1
43,quick,zigzag,1000000,50,298759942,324488956,-8.61,-9.57,-7.65,0.0828,0.0738,0.0914,0.0000,1,-,1
43,stdunstable,zigzag,1000000,50,11969682,9463792,20.94,19.22,22.58,-0.2339,-0.2559,-0.2134,1.0000,1,+,1
43,stdstable,zigzag,1000000,50,15932098,6728474,57.77,56.88,58.64,-0.8630,-0.8828,-0.8412,1.0000,1,+,1
43,merge,almostsorted,1000000,50,22726460,22268796,2.01,-4.17,6.60,-0.0097,-0.0683,0.0409,0.6230,0,+,1
43,quick,almostsorted,1000000,50,29687972,30560192,-2.94,-12.91,6.05,0.0297,-0.0624,0.1214,0.2649,0,-,1
43,stdunstable,almostsorted,1000000,50,10817890,11594008,-7.17,-8.76,-5.63,0.0684,0.0547,0.0840,0.0000,1,-,1
43,stdstable,almostsorted,1000000,50,12543366,13005668,-3.69,-7.08,-0.30,0.0356,0.0030,0.0684,0.0165,1,-,1
43,merge,duplicates,1000000,50,28132160,26811272,4.70,-0.26,9.07,-0.0468,-0.0951,0.0026,0.9691,0,+,1
43,quick,duplicates,1000000,50,3951988,5092720,-28.86,-32.15,-26.11,0.2557,0.2320,0.2788,0.0000,1,-,1
43,stdunstable,duplicates,1000000,50,1330338,3967732,-198.25,-206.16,-192.33,1.0969,1.0727,1.1190,0.0000,1,-,1
43,stdstable,duplicates,1000000,50,2935114,5248978,-78.83,-90.54,-70.97,0.5920,0.5363,0.6447,0.0000,1,-,1
43,merge,inverted,1000000,50,16619116,15151358,8.83,4.33,13.01,-0.0891,-0.1393,-0.0443,0.9998,1,+,1
43,quick,inverted,1000000,50,271710836,382105544,-40.63,-41.81,-39.48,0.3409,0.3328,0.3493,0.0000,1,-,1
43,stdunstable,inverted,1000000,50,465394,709648,-52.48,-98.59,-50.82,0.5545,0.4109,0.6861,0.0000,1,-,1
43,stdstable,inverted,1000000,50,485280,782762,-61.30,-83.91,-50.98,0.5146,0.4120,0.6093,0.0000,1,-,1
43,merge,sawtooth,1000000,50,21801000,21128942,3.08,-3.60,8.46,-0.0262,-0.0884,0.0354,0.7931,0,+,1
43,quick,sawtooth,1000000,50,2996316,3264484,-8.95,-11.61,-5.93,0.0833,0.0576,0.1098,0.0000,1,-,1
43,stdunstable,sawtooth,1000000,50,2637426,2736178,-3.74,-8.38,-0.36,0.0430,0.0036,0.0804,0.0175,1,-,1
43,stdstable,sawtooth,1000000,50,4339742,4254804,1.96,-4.62,8.43,-0.0215,-0.0880,0.0451,0.7240,0,+,1
43,merge,organpipe,1000000,50,16400820,16628464,-1.39,-6.08,2.33,0.0199,-0.0236,0.0590,0.1663,0,-,1
43,quick,organpipe,1000000,50,3630804410,3672863222,-1.16,-2.60,0.31,0.0106,-0.0031,0.0257,0.0699,0,-,1
43,stdunstable,organpipe,1000000,50,13792988,14066958,-1.99,-4.89,0.57,0.0206,-0.0058,0.0477,0.0628,0,-,1
43,stdstable,organpipe,1000000,50,2454366,3951204,-60.99,-73.46,-53.91,0.4936,0.4312,0.5508,0.0000,1,-,1
43,merge,fewruns,1000000,50,15996998,17279110,-8.01,-14.82,-0.81,0.0734,0.0081,0.1382,0.0148,1,-,1
43,quick,fewruns,1000000,50,265310878,270008212,-1.77,-4.15,0.44,0.0151,-0.0044,0.0407,0.0819,0,-,1
43,stdunstable,fewruns,1000000,50,10274220,10746474,-4.60,-8.23,-1.35,0.0463,0.0134,0.0791,0.0020,1,-,1
43,stdstable,fewruns,1000000,50,3675158,4351898,-18.41,-22.72,-14.28,0.1693,0.1335,0.2047,0.0000,1,-,1
44,merge,random,1000000,50,66266038,66702348,-0.66,-3.16,1.72,0.0074,-0.0173,0.0311,0.2684,0,-,1
44,quick,random,1000000,50,48827800,50537988,-3.50,-3.94,-3.06,0.0344,0.0301,0.0387,0.0000,1,-,1
44,stdunstable,random,1000000,50,10826282,13530450,-24.98,-27.46,-22.74,0.2233,0.2049,0.2426,0.0000,1,-,1
44,stdstable,random,1000000,50,15755756,18414146,-16.87,-18.99,-14.84,0.1561,0.1384,0.1738,0.0000,1,-,1
44,merge,turtles,1000000,50,16739332,18401896,-9.93,-13.73,-5.89,0.0893,0.0572,0.1286,0.0000,1,-,1
44,quick,turtles,1000000,50,95329792,96734522,-1.47,-2.33,-0.62,0.0144,0.0062,0.0230,0.0001,1,-,1
44,stdunstable,turtles,1000000,50,6520394,6725284,-3.14,-4.83,-1.28,0.0308,0.0127,0.0472,0.0010,1,-,1
44,stdstable,turtles,1000000,50,3123140,3173126,-1.60,-4.81,1.24,0.0154,-0.0125,0.0470,0.1584,0,-,1
44,merge,zigzag,1000000,50,18623226,14302118,23.20,18.23,26.23,-0.2492,-0.3042,-0.2012,1.0000,1,+,1
44,quick,zigzag,1000000,50,290775390,316570406,-8.87,-9.72,-7.96,0.0854,0.0766,0.0927,0.0000,1,-,1
44,stdunstable,zigzag,1000000,50,12316062,10146400,17.62,15.47,19.55,-0.1929,-0.2175,-0.1681,1.0000,1,+,1
44,stdstable,zigzag,1000000,50,15887720,6741428,57.57,56.63,58.56,-0.8588,-0.8810,-0.8355,1.0000,1,+,1
44,merge,almostsorted,1000000,50,19820370,20946302,-5.68,-11.37,0.07,0.0525,-0.0007,0.1077,0.0261,0,-,1
44,quick,almostsorted,1000000,50,32208438,31019112,3.69,-5.54,11.52,-0.0350,-0.1224,0.0539,0.7859,0,+,1
44,stdunstable,almostsorted,1000000,50,11233786,11736268,-4.47,-6.27,-2.67,0.0441,0.0263,0.0608,0.0000,1,-,1
44,stdstable,almostsorted,1000000,50,11960360,12671482,-5.95,-8.23,-3.77,0.0575,0.0370,0.0791,0.0000,1,-,1
44,merge,duplicates,1000000,50,26470268,25054666,5.35,1.34,8.67,-0.0505,-0.0907,-0.0135,0.9966,1,+,1
44,quick,duplicates,1000000,50,4031750,5319172,-31.93,-36.34,-27.68,0.2766,0.2444,0.3100,0.0000,1,-,1
44,stdunstable,duplicates,1000000,50,1314136,4159616,-216.53,-233.33,-203.04,1.1579,1.1087,1.2040,0.0000,1,-,1
44,stdstable,duplicates,1000000,50,2874752,5105870,-77.61,-88.09,-71.20,0.5850,0.5377,0.6318,0.0000,1,-,1
44,merge,inverted,1000000,50,17143810,14832876,13.48,6.11,18.12,-0.1276,-0.2000,-0.0631,1.0000,1,+,1
44,quick,inverted,1000000,50,269725768,374856378,-38.98,-40.07,-37.99,0.3296,0.3220,0.3370,0.0000,1,-,1
44,stdunstable,inverted,1000000,50,321182,640000,-99.26,-114.73,-92.09,0.7103,0.6528,0.7642,0.0000,1,-,1
44,stdstable,inverted,1000000,50,327058,653346,-99.76,-109.06,-94.35,0.7024,0.6645,0.7374,0.0000,1,-,1
44,merge,sawtooth,1000000,50,18511496,19959722,-7.82,-13.42,0.34,0.0598,-0.0034,0.1259,0.0325,0,-,1
44,quick,sawtooth,1000000,50,2972738,3151074,-6.00,-7.94,-4.23,0.0586,0.0414,0.0764,0.0000,1,-,1
44,stdunstable,sawtooth,1000000,50,2582822,2817170,-9.07,-13.08,-5.20,0.0863,0.0507,0.1229,0.0000,1,-,1
44,stdstable,sawtooth,1000000,50,4146678,3981102,3.99,0.37,7.65,-0.0413,-0.0796,-0.0037,0.9839,1,+,1
44,merge,organpipe,1000000,50,16734724,16666088,0.41,-5.95,5.52,0.0019,-0.0568,0.0578,0.4718,0,-,1
44,quick,organpipe,1000000,50,3523560844,3520938492,0.07,-0.37,0.52,-0.0007,-0.0053,0.0037,0.6125,0,+,1
44,stdunstable,organpipe,1000000,50,12634686,13076568,-3.50,-6.10,-1.14,0.0352,0.0114,0.0592,0.0027,1,-,1
44,stdstable,organpipe,1000000,50,2381030,3999886,-67.99,-81.11,-56.02,0.5194,0.4448,0.5939,0.0000,1,-,1
44,merge,fewruns,1000000,50,15029736,15431562,-2.67,-8.68,2.12,0.0307,-0.0215,0.0833,0.1215,0,-,1
44,quick,fewruns,1000000,50,247699256,246825836,0.35,-0.51,1.27,-0.0032,-0.0128,0.0051,0.7519,0,+,1
44,stdunstable,fewruns,1000000,50,9144700,9674234,-5.79,-6.94,-4.68,0.0558,0.0457,0.0671,0.0000,1,-,1
44,stdstable,fewruns,1000000,50,3284782,3939938,-19.95,-21.70,-18.40,0.1822,0.1689,0.1964,0.0000,1,-,1
45,merge,random,1000000,50,63710014,64514310,-1.26,-2.48,0.11,0.0134,-0.0011,0.0245,0.0320,0,-,1
45,quick,random,1000000,50,48568128,50090694,-3.13,-3.84,-2.47,0.0309,0.0244,0.0377,0.0000,1,-,1
45,stdunstable,random,1000000,50,10326492,13321778,-29.01,-30.73,-27.20,0.2549,0.2406,0.2679,0.0000,1,-,1
45,stdstable,random,1000000,50,15300152,18156630,-18.67,-20.49,-16.66,0.1710,0.1541,0.1864,0.0000,1,-,1
45,merge,turtles,1000000,50,15652330,16797164,-7.31,-9.11,-5.55,0.0711,0.0540,0.0872,0.0000,1,-,1
45,quick,turtles,1000000,50,93377194,94298226,-0.99,-1.77,-0.21,0.0094,0.0021,0.0175,0.0050,1,-,1
45,stdunstable,turtles,1000000,50,6582374,6863420,-4.27,-6.05,-2.44,0.0409,0.0241,0.0587,0.0000,1,-,1
45,stdstable,turtles,1000000,50,2994182,3163030,-5.64,-9.36,-1.99,0.0539,0.0197,0.0894,0.0012,1,-,1
45,merge,zigzag,1000000,50,17638714,14702400,16.65,14.20,19.04,-0.1855,-0.2112,-0.1532,1.0000,1,+,1
45,quick,zigzag,1000000,50,291061236,316645372,-8.79,-10.06,-7.53,0.0842,0.0726,0.0958,0.0000,1,-,1
45,stdunstable,zigzag,1000000,50,11967066,9740400,18.61,16.98,20.50,-0.2087,-0.2295,-0.1861,1.0000,1,+,1
45,stdstable,zigzag,1000000,50,15683290,6691024,57.34,56.51,58.24,-0.8542,-0.8731,-0.8327,1.0000,1,+,1
45,merge,almostsorted,1000000,50,20025632,20973072,-4.73,-9.98,1.19,0.0406,-0.0120,0.0951,0.0693,0,-,1
45,quick,almostsorted,1000000,50,27485696,29007980,-5.54,-13.17,5.24,0.0309,-0.0538,0.1237,0.2537,0,-,1
45,stdunstable,almostsorted,1000000,50,10909752,11459840,-5.04,-6.42,-3.73,0.0493,0.0366,0.0622,0.0000,1,-,1
45,stdstable,almostsorted,1000000,50,11850296,12432836,-4.92,-7.32,-2.58,0.0480,0.0255,0.0707,0.0000,1,-,1
45,merge,duplicates,1000000,50,25745396,24446544,5.04,0.28,9.29,-0.0495,-0.0975,-0.0028,0.9799,1,+,1
45,quick,duplicates,1000000,50,3905522,5012948,-28.36,-30.44,-26.56,0.2509,0.2355,0.2658,0.0000,1,-,1
45,stdunstable,duplicates,1000000,50,1266324,3900028,-207.98,-212.68,-203.99,1.1265,1.1118,1.1400,0.0000,1,-,1
45,stdstable,duplicates,1000000,50,2489412,4906076,-97.08,-104.06,-91.32,0.6811,0.6488,0.7132,0.0000,1,-,1
45,merge,inverted,1000000,50,15575062,14229446,8.64,6.34,10.80,-0.0927,-0.1143,-0.0655,1.0000,1,+,1
45,quick,inverted,1000000,50,257995608,362346924,-40.45,-40.85,-40.03,0.3396,0.3367,0.3425,0.0000,1,-,1
45,stdunstable,inverted,1000000,50,314362,625706,-99.04,-117.28,-91.60,0.7158,0.6502,0.7760,0.0000,1,-,1
45,stdstable,inverted,1000000,50,340454,697002,-104.73,-120.21,-94.38,0.7277,0.6646,0.7894,0.0000,1,-,1
45,merge,sawtooth,1000000,50,19285216,20010168,-3.76,-8.81,2.01,0.0297,-0.0203,0.0845,0.1285,0,-,1
45,quick,sawtooth,1000000,50,2924132,3160276,-8.08,-10.38,-5.82,0.0767,0.0566,0.0988,0.0000,1,-,1
45,stdunstable,sawtooth,1000000,50,2492784,2680996,-7.55,-9.79,-5.30,0.0718,0.0517,0.0934,0.0000,1,-,1
45,stdstable,sawtooth,1000000,50,4071324,3879956,4.70,2.06,7.29,-0.0484,-0.0757,-0.0208,0.9998,1,+,1
45,merge,organpipe,1000000,50,15905022,15843260,0.39,-4.52,3.56,0.0081,-0.0362,0.0442,0.3452,0,-,1
45,quick,organpipe,1000000,50,3506130924,3498492214,0.22,-0.40,0.87,-0.0021,-0.0088,0.0040,0.7418,0,+,1
45,stdunstable,organpipe,1000000,50,11982632,12463040,-4.01,-5.27,-2.80,0.0393,0.0276,0.0514,0.0000,1,-,1
45,stdstable,organpipe,1000000,50,2175690,3675024,-68.91,-73.80,-64.18,0.5252,0.4958,0.5527,0.0000,1,-,1
45,merge,fewruns,1000000,50,14458954,14931110,-3.27,-7.90,1.26,0.0327,-0.0127,0.0760,0.0725,0,-,1
45,quick,fewruns,1000000,50,242913198,242667896,0.10,-0.26,0.48,-0.0009,-0.0048,0.0026,0.6762,0,+,1
45,stdunstable,fewruns,1000000,50,9503668,10031090,-5.55,-7.90,-3.24,0.0544,0.0319,0.0761,0.0000,1,-,1
45,stdstable,fewruns,1000000,50,3230814,4018074,-24.37,-26.62,-22.04,0.2169,0.1992,0.2360,0.0000,1,-,1
46,merge,random,1000000,50,64753594,65735752,-1.52,-3.91,0.86,0.0152,-0.0086,0.0384,0.1027,0,-,1
46,quick,random,1000000,50,48982954,50655014,-3.41,-3.92,-2.87,0.0336,0.0283,0.0384,0.0000,1,-,1
46,stdunstable,random,1000000,50,10685646,13406124,-25.46,-27.39,-23.60,0.2278,0.2119,0.2421,0.0000,1,-,1
46,stdstable,random,1000000,50,15074604,17892422,-18.69,-20.35,-17.10,0.1716,0.1579,0.1852,0.0000,1,-,1
46,merge,turtles,1000000,50,16402634,17820440,-8.64,-15.04,-2.39,0.0802,0.0236,0.1401,0.0032,1,-,1
46,quick,turtles,1000000,50,94786578,94932234,-0.15,-0.71,0.45,0.0017,-0.0045,0.0071,0.2670,0,-,1
46,stdunstable,turtles,1000000,50,6491768,6763940,-4.19,-5.79,-2.55,0.0406,0.0252,0.0563,0.0000,1,-,1
46,stdstable,turtles,1000000,50,2877318,3062626,-6.44,-8.47,-4.36,0.0619,0.0426,0.0813,0.0000,1,-,1
46,merge,zigzag,1000000,50,17356248,13978018,19.46,15.31,23.40,-0.2143,-0.2666,-0.1662,1.0000,1,+,1
46,quick,zigzag,1000000,50,287752674,313906086,-9.09,-9.34,-8.84,0.0870,0.0847,0.0893,0.0000,1,-,1
46,stdunstable,zigzag,1000000,50,11762266,9419644,19.92,18.50,21.24,-0.2224,-0.2387,-0.2046,1.0000,1,+,1
46,stdstable,zigzag,1000000,50,15287156,6592808,56.87,55.92,57.86,-0.8427,-0.8641,-0.8192,1.0000,1,+,1
46,merge,almostsorted,1000000,50,19850702,20101848,-1.27,-8.12,4.38,0.0173,-0.0448,0.0781,0.2902,0,-,1
46,quick,almostsorted,1000000,50,27835508,29347628,-5.43,-13.42,2.32,0.0510,-0.0235,0.1259,0.0866,0,-,1
46,stdunstable,almostsorted,1000000,50,10940988,11559394,-5.65,-7.82,-3.49,0.0545,0.0343,0.0753,0.0000,1,-,1
46,stdstable,almostsorted,1000000,50,11653736,12150820,-4.27,-6.75,-1.92,0.0430,0.0190,0.0653,0.0004,1,-,1
46,merge,duplicates,1000000,50,24879610,23725098,4.64,1.67,7.32,-0.0444,-0.0760,-0.0169,0.9990,1,+,1
46,quick,duplicates,1000000,50,3851482,5035690,-30.75,-33.34,-28.46,0.2694,0.2505,0.2877,0.0000,1,-,1
46,stdunstable,duplicates,1000000,50,1276254,3910870,-206.43,-212.66,-200.93,1.1211,1.1017,1.1399,0.0000,1,-,1
46,stdstable,duplicates,1000000,50,2535350,4879766,-92.47,-99.90,-86.25,0.6560,0.6219,0.6926,0.0000,1,-,1
46,merge,inverted,1000000,50,15755962,13963566,11.38,7.29,14.37,-0.1130,-0.1551,-0.0757,1.0000,1,+,1
46,quick,inverted,1000000,50,259573572,364943818,-40.59,-40.94,-40.26,0.3407,0.3383,0.3431,0.0000,1,-,1
46,stdunstable,inverted,1000000,50,292696,637936,-117.95,-127.99,-111.71,0.7900,0.7501,0.8241,0.0000,1,-,1
46,stdstable,inverted,1000000,50,335390,677458,-101.99,-110.82,-96.23,0.7115,0.6741,0.7459,0.0000,1,-,1
46,merge,sawtooth,1000000,50,20507378,20225250,1.38,-3.99,5.52,-0.0075,-0.0568,0.0392,0.6078,0,+,1
46,quick,sawtooth,1000000,50,3222728,3748686,-16.32,-22.22,-10.58,0.1519,0.1006,0.2006,0.0000,1,-,1
46,stdunstable,sawtooth,1000000,50,3001990,3093260,-3.04,-8.12,1.92,0.0295,-0.0194,0.0780,0.1166,0,-,1
46,stdstable,sawtooth,1000000,50,4291266,4284418,0.16,-3.42,4.02,-0.0025,-0.0411,0.0337,0.5628,0,+,1
46,merge,organpipe,1000000,50,17663338,17095834,3.21,-3.56,6.70,-0.0136,-0.0694,0.0350,0.6835,0,+,1
46,quick,organpipe,1000000,50,3505516604,3495105492,0.30,-0.12,0.74,-0.0029,-0.0075,0.0012,0.9129,0,+,1
46,stdunstable,organpipe,1000000,50,12255460,12602198,-2.83,-4.97,-0.81,0.0285,0.0080,0.0485,0.0033,1,-,1
46,stdstable,organpipe,1000000,50,2220456,3715348,-67.32,-75.79,-60.36,0.5210,0.4723,0.5641,0.0000,1,-,1
46,merge,fewruns,1000000,50,14308196,15120452,-5.68,-11.15,0.23,0.0516,-0.0023,0.1058,0.0314,0,-,1
46,quick,fewruns,1000000,50,245692458,245998350,-0.12,-1.37,1.10,0.0012,-0.0110,0.0137,0.4159,0,-,1
46,stdunstable,fewruns,1000000,50,9651436,10017902,-3.80,-5.76,-2.12,0.0387,0.0210,0.0560,0.0000,1,-,1
46,stdstable,fewruns,1000000,50,3221420,3867252,-20.05,-22.41,-17.91,0.1845,0.1647,0.2022,0.0000,1,-,1
