sort,tipo,tamanho,ganho_medio,ganho_min,ganho_max,n_sig,n_plus_sig,n_minus_sig,flip_sinal,decisao,ganho_s42,ganho_lo_s42,ganho_hi_s42,sig_s42,p_melhora_s42
bubble,almostsorted,10000,12.84,11.24,14.14,5,5,0,0,ganho,13.75,10.63,17.07,1,1.0000
bubble,duplicates,10000,16.85,14.13,18.87,5,5,0,0,ganho,17.13,15.57,18.83,1,1.0000
bubble,fewruns,10000,-0.38,-2.76,2.18,2,1,1,1,instavel,-2.76,-4.41,-0.79,1,0.0017
bubble,inverted,10000,99.96,99.96,99.96,5,5,0,0,ganho,99.96,99.96,99.96,1,1.0000
bubble,organpipe,10000,0.17,-0.42,0.77,0,0,0,1,neutro,0.77,-0.22,1.72,0,0.9301
bubble,random,10000,12.92,12.36,13.97,5,5,0,0,ganho,12.36,10.84,14.00,1,1.0000
bubble,real,10000,10.94,9.91,11.69,5,5,0,0,ganho,11.69,10.22,13.12,1,1.0000
bubble,sawtooth,10000,33.94,33.34,34.63,5,5,0,0,ganho,34.21,32.53,36.03,1,1.0000
bubble,turtles,10000,26.39,25.70,27.10,5,5,0,0,ganho,27.10,26.02,28.20,1,1.0000
bubble,zigzag,10000,99.91,99.91,99.92,5,5,0,0,ganho,99.91,99.91,99.92,1,1.0000
descreverse,almostsorted,10000,37.50,35.70,39.43,5,5,0,0,ganho,39.43,36.77,42.04,1,1.0000
descreverse,duplicates,10000,60.42,58.86,60.95,5,5,0,0,ganho,60.90,59.21,62.71,1,1.0000
descreverse,fewruns,10000,-0.28,-3.79,2.28,0,0,0,1,neutro,2.28,-1.02,5.09,0,0.8003
descreverse,inverted,10000,5.69,4.74,6.72,5,5,0,0,ganho,6.72,4.16,8.30,1,1.0000
descreverse,organpipe,10000,1.32,-1.88,3.33,1,1,0,1,instavel,1.42,-1.50,4.24,0,0.8029
descreverse,random,10000,44.21,42.18,45.91,5,5,0,0,ganho,44.66,43.64,45.62,1,1.0000
descreverse,real,10000,42.28,42.20,42.40,5,5,0,0,ganho,42.20,40.86,43.51,1,1.0000
descreverse,sawtooth,10000,53.51,52.33,54.50,5,5,0,0,ganho,54.50,53.27,55.58,1,1.0000
descreverse,turtles,10000,40.61,39.33,42.20,5,5,0,0,ganho,39.33,37.80,40.92,1,1.0000
descreverse,zigzag,10000,99.83,99.82,99.84,5,5,0,0,ganho,99.83,99.82,99.84,1,1.0000
insertion,almostsorted,10000,38.80,37.61,40.74,5,5,0,0,ganho,38.48,37.52,39.32,1,1.0000
insertion,duplicates,10000,61.12,59.23,62.25,5,5,0,0,ganho,61.09,60.24,61.96,1,1.0000
insertion,fewruns,10000,-0.94,-3.42,1.50,1,0,1,1,instavel,-2.09,-4.59,0.90,0,0.1081
insertion,inverted,10000,99.96,99.96,99.96,5,5,0,0,ganho,99.96,99.96,99.96,1,1.0000
insertion,organpipe,10000,-0.41,-2.38,1.52,1,0,1,1,instavel,-0.49,-2.17,1.07,0,0.3307
insertion,random,10000,44.69,44.38,44.96,5,5,0,0,ganho,44.67,44.03,45.33,1,1.0000
insertion,real,10000,42.14,41.10,43.00,5,5,0,0,ganho,41.65,40.47,42.86,1,1.0000
insertion,sawtooth,10000,52.68,52.19,53.14,5,5,0,0,ganho,53.14,52.14,54.10,1,1.0000
insertion,turtles,10000,41.10,40.51,41.62,5,5,0,0,ganho,40.51,39.44,41.62,1,1.0000
insertion,zigzag,10000,99.91,99.90,99.91,5,5,0,0,ganho,99.90,99.90,99.91,1,1.0000
merge,almostsorted,10000,-3.66,-4.59,-2.17,5,0,5,0,perda,-3.73,-4.23,-3.23,1,0.0000
merge,almostsorted,1000000,-3.32,-6.95,2.01,1,0,1,1,instavel,-6.95,-12.51,-0.47,1,0.0186
merge,duplicates,10000,-0.23,-2.67,1.06,0,0,0,1,neutro,0.27,-0.84,1.51,0,0.6054
merge,duplicates,1000000,5.60,4.64,8.26,4,4,0,0,instavel,8.26,4.68,10.90,1,1.0000
merge,fewruns,10000,-5.56,-7.72,-3.85,5,0,5,0,perda,-3.85,-6.63,-1.18,1,0.0035
merge,fewruns,1000000,-4.08,-8.01,-0.75,1,0,1,0,instavel,-0.75,-7.23,3.74,0,0.2564
merge,inverted,10000,13.22,12.00,13.96,5,5,0,0,ganho,12.85,11.13,15.09,1,1.0000
merge,inverted,1000000,11.04,8.64,13.48,5,5,0,0,ganho,12.86,7.14,17.13,1,1.0000
merge,organpipe,10000,-4.67,-5.10,-4.14,5,0,5,0,perda,-5.10,-6.16,-3.43,1,0.0000
merge,organpipe,1000000,0.71,-1.39,3.21,0,0,0,1,neutro,0.94,-5.66,5.39,0,0.4876
merge,random,10000,-3.59,-4.05,-3.19,5,0,5,0,perda,-3.19,-3.58,-2.76,1,0.0000
merge,random,1000000,-1.41,-2.67,-0.66,0,0,0,0,neutro,-0.95,-3.29,1.21,0,0.1944
merge,real,10000,-2.91,-3.55,-1.68,4,0,4,0,instavel,-3.24,-4.27,-2.16,1,0.0000
merge,sawtooth,10000,-3.43,-4.68,-2.36,4,0,4,0,instavel,-3.41,-4.60,-2.28,1,0.0000
merge,sawtooth,1000000,-2.04,-7.82,3.08,0,0,0,1,neutro,-3.10,-7.18,1.80,0,0.1237
merge,turtles,10000,-14.13,-14.96,-13.31,5,0,5,0,perda,-14.96,-16.28,-13.52,1,0.0000
merge,turtles,1000000,-12.00,-25.78,-7.31,5,0,5,0,perda,-8.35,-12.86,-3.72,1,0.0002
merge,zigzag,10000,15.45,14.36,16.21,5,5,0,0,ganho,16.21,15.27,17.05,1,1.0000
merge,zigzag,1000000,19.02,16.65,23.20,5,5,0,0,ganho,18.13,13.33,22.42,1,1.0000
quick,almostsorted,10000,-2.99,-6.29,0.03,0,0,0,0,neutro,0.03,-9.94,7.43,0,0.4112
quick,almostsorted,1000000,-1.28,-5.54,3.81,0,0,0,1,neutro,3.81,-4.08,10.21,0,0.8180
quick,duplicates,10000,-39.33,-40.15,-38.47,5,0,5,0,perda,-39.98,-43.68,-37.44,1,0.0000
quick,duplicates,1000000,-30.47,-32.47,-28.36,5,0,5,0,perda,-32.47,-34.58,-30.53,1,0.0000
quick,fewruns,10000,-1.69,-3.15,-0.95,2,0,2,0,instavel,-1.26,-3.05,0.32,0,0.0557
quick,fewruns,1000000,-0.30,-1.77,0.35,0,0,0,1,neutro,-0.08,-0.56,0.39,0,0.3344
quick,inverted,10000,-36.05,-38.05,-34.18,5,0,5,0,perda,-35.04,-36.84,-33.47,1,0.0000
quick,inverted,1000000,-40.28,-40.76,-38.98,5,0,5,0,perda,-40.76,-41.36,-40.19,1,0.0000
quick,organpipe,10000,-1.94,-2.16,-1.60,5,0,5,0,perda,-2.11,-2.98,-1.32,1,0.0000
quick,organpipe,1000000,0.02,-1.16,0.66,1,1,0,1,instavel,0.66,0.05,1.35,1,0.9872
quick,random,10000,-5.32,-7.81,-2.14,4,0,4,0,instavel,-5.84,-6.30,-5.39,1,0.0000
quick,random,1000000,-3.39,-3.50,-3.13,5,0,5,0,perda,-3.42,-3.92,-2.93,1,0.0000
quick,real,10000,-17.92,-18.84,-17.04,5,0,5,0,perda,-17.66,-22.08,-13.47,1,0.0000
quick,sawtooth,10000,-21.54,-23.06,-20.48,5,0,5,0,perda,-21.28,-22.72,-20.22,1,0.0000
quick,sawtooth,1000000,-8.71,-16.32,-4.20,5,0,5,0,perda,-4.20,-6.03,-2.57,1,0.0000
quick,turtles,10000,-3.93,-6.64,-2.18,3,0,3,0,instavel,-3.52,-4.57,-2.49,1,0.0000
quick,turtles,1000000,-0.71,-1.47,-0.07,3,0,3,0,instavel,-0.87,-1.47,-0.27,1,0.0024
quick,zigzag,10000,-1.05,-3.50,2.77,3,0,3,1,instavel,-3.50,-5.43,-1.12,1,0.0026
quick,zigzag,1000000,-8.90,-9.14,-8.61,5,0,5,0,perda,-9.14,-9.62,-8.68,1,0.0000
selection,almostsorted,10000,-0.01,-0.78,0.63,0,0,0,1,neutro,0.02,-1.60,1.59,0,0.5084
selection,duplicates,10000,-0.17,-1.18,0.90,0,0,0,1,neutro,-0.32,-2.03,1.39,0,0.3656
selection,fewruns,10000,-0.33,-1.46,0.49,0,0,0,1,neutro,-1.46,-3.26,0.35,0,0.0671
selection,inverted,10000,-12.03,-12.83,-11.54,5,0,5,0,perda,-11.79,-13.99,-9.73,1,0.0000
selection,organpipe,10000,-0.36,-1.37,0.15,0,0,0,1,neutro,0.08,-1.18,1.34,0,0.5366
selection,random,10000,0.20,-0.41,0.70,0,0,0,1,neutro,-0.41,-1.53,0.70,0,0.2444
selection,real,10000,0.08,-1.03,1.16,0,0,0,1,neutro,0.25,-1.84,2.29,0,0.5889
selection,sawtooth,10000,-0.24,-1.07,0.95,0,0,0,1,neutro,-0.55,-1.89,0.80,0,0.2198
selection,turtles,10000,3.46,1.13,6.20,4,4,0,0,instavel,3.58,2.18,4.98,1,1.0000
selection,zigzag,10000,0.47,-0.40,1.94,0,0,0,1,neutro,0.11,-1.41,1.59,0,0.5586
stdstable,almostsorted,10000,-1.80,-2.88,-0.40,2,0,2,0,instavel,-2.88,-6.10,1.34,0,0.0871
stdstable,almostsorted,1000000,-4.30,-5.95,-2.65,5,0,5,0,perda,-2.65,-4.42,-0.95,1,0.0012
stdstable,duplicates,10000,-110.93,-121.33,-100.15,5,0,5,0,perda,-100.15,-111.13,-94.31,1,0.0000
stdstable,duplicates,1000000,-87.32,-97.08,-77.61,5,0,5,0,perda,-90.59,-100.60,-84.56,1,0.0000
stdstable,fewruns,10000,-26.44,-30.26,-24.52,5,0,5,0,perda,-30.26,-32.43,-27.58,1,0.0000
stdstable,fewruns,1000000,-20.33,-24.37,-18.41,5,0,5,0,perda,-18.85,-21.07,-16.80,1,0.0000
stdstable,inverted,10000,-131.23,-136.35,-124.57,5,0,5,0,perda,-130.81,-132.51,-127.38,1,0.0000
stdstable,inverted,1000000,-96.71,-115.76,-61.30,5,0,5,0,perda,-115.76,-123.84,-109.86,1,0.0000
stdstable,organpipe,10000,-77.02,-79.96,-74.59,5,0,5,0,perda,-76.68,-78.51,-75.03,1,0.0000
stdstable,organpipe,1000000,-65.73,-68.91,-60.99,5,0,5,0,perda,-63.44,-69.27,-56.38,1,0.0000
stdstable,random,10000,-28.64,-29.97,-27.36,5,0,5,0,perda,-29.02,-31.04,-26.96,1,0.0000
stdstable,random,1000000,-17.66,-18.69,-16.43,5,0,5,0,perda,-17.66,-19.29,-16.03,1,0.0000
stdstable,real,10000,-22.01,-27.18,-18.44,5,0,5,0,perda,-27.18,-30.98,-20.75,1,0.0000
stdstable,sawtooth,10000,-14.76,-16.06,-12.83,5,0,5,0,perda,-12.83,-15.43,-10.06,1,0.0000
stdstable,sawtooth,1000000,2.35,0.16,4.70,2,2,0,0,instavel,0.96,-2.25,3.83,0,0.7154
stdstable,turtles,10000,-21.20,-23.26,-18.93,5,0,5,0,perda,-20.63,-23.41,-17.92,1,0.0000
stdstable,turtles,1000000,-3.20,-6.44,1.22,3,0,3,1,instavel,-3.52,-6.62,-1.15,1,0.0019
stdstable,zigzag,10000,50.01,49.33,50.94,5,5,0,0,ganho,49.86,49.42,50.38,1,1.0000
stdstable,zigzag,1000000,57.59,56.87,58.40,5,5,0,0,ganho,58.40,57.70,59.07,1,1.0000
stdunstable,almostsorted,10000,-9.75,-10.88,-8.11,5,0,5,0,perda,-9.57,-11.19,-7.74,1,0.0000
stdunstable,almostsorted,1000000,-5.24,-7.17,-3.85,5,0,5,0,perda,-3.85,-5.73,-2.09,1,0.0000
stdunstable,duplicates,10000,-123.16,-154.46,-107.18,5,0,5,0,perda,-119.46,-124.00,-114.74,1,0.0000
stdunstable,duplicates,1000000,-208.36,-216.53,-198.25,5,0,5,0,perda,-212.60,-216.76,-208.40,1,0.0000
stdunstable,fewruns,10000,-7.51,-7.85,-6.81,5,0,5,0,perda,-7.85,-8.33,-7.42,1,0.0000
stdunstable,fewruns,1000000,-4.78,-5.79,-3.80,5,0,5,0,perda,-4.16,-6.09,-2.28,1,0.0000
stdunstable,inverted,10000,-145.21,-152.13,-128.22,5,0,5,0,perda,-152.13,-157.32,-146.55,1,0.0000
stdunstable,inverted,1000000,-97.32,-117.95,-52.48,5,0,5,0,perda,-117.89,-132.28,-108.87,1,0.0000
stdunstable,organpipe,10000,-7.53,-9.17,-5.49,5,0,5,0,perda,-7.14,-8.55,-5.82,1,0.0000
stdunstable,organpipe,1000000,-3.03,-4.01,-1.99,4,0,4,0,instavel,-2.81,-5.27,-0.59,1,0.0074
stdunstable,random,10000,-41.47,-42.71,-38.98,5,0,5,0,perda,-42.29,-43.50,-41.25,1,0.0000
stdunstable,random,1000000,-27.41,-29.01,-24.98,5,0,5,0,perda,-29.01,-31.05,-27.06,1,0.0000
stdunstable,real,10000,-32.29,-34.53,-28.42,5,0,5,0,perda,-33.69,-37.74,-27.58,1,0.0000
stdunstable,sawtooth,10000,-25.67,-26.24,-24.27,5,0,5,0,perda,-26.09,-26.61,-25.61,1,0.0000
stdunstable,sawtooth,1000000,-6.24,-9.07,-3.04,4,0,4,0,instavel,-7.82,-11.07,-5.00,1,0.0000
stdunstable,turtles,10000,-9.44,-11.83,-8.42,5,0,5,0,perda,-9.09,-10.02,-8.19,1,0.0000
stdunstable,turtles,1000000,-3.29,-4.27,-0.72,4,0,4,0,instavel,-4.12,-6.75,-1.58,1,0.0008
stdunstable,zigzag,10000,5.38,4.98,5.92,5,5,0,0,ganho,4.98,4.22,5.70,1,1.0000
stdunstable,zigzag,1000000,19.08,17.62,20.94,5,5,0,0,ganho,18.29,16.99,19.57,1,1.0000
