sort,tipo,tamanho,ganho_pct
merge,random,16,-2.08
merge,random,32,-1.54
merge,random,64,-4.36
merge,random,128,-5.32
merge,random,256,-0.63
merge,random,512,-2.44
merge,random,1000,-3.97
merge,random,5000,-4.85
merge,random,10000,-2.54
merge,random,100000,-3.40
merge,random,1000000,-0.87
merge,random,10000000,-2.21
merge,turtles,16,-0.67
merge,turtles,32,-6.15
merge,turtles,64,-9.00
merge,turtles,128,-8.42
merge,turtles,256,-6.23
merge,turtles,512,-7.76
merge,turtles,1000,-9.31
merge,turtles,5000,-14.83
merge,turtles,10000,-14.16
merge,turtles,100000,-11.23
merge,turtles,1000000,-11.49
merge,turtles,10000000,-3.19
merge,zigzag,16,5.25
merge,zigzag,32,1.84
merge,zigzag,64,1.92
merge,zigzag,128,4.32
merge,zigzag,256,4.79
merge,zigzag,512,7.80
merge,zigzag,1000,7.46
merge,zigzag,5000,14.18
merge,zigzag,10000,15.67
merge,zigzag,100000,16.02
merge,zigzag,1000000,18.62
merge,zigzag,10000000,16.70
merge,almostsorted,16,-0.96
merge,almostsorted,32,-5.17
merge,almostsorted,64,-7.89
merge,almostsorted,128,-5.97
merge,almostsorted,256,-4.48
merge,almostsorted,512,-1.72
merge,almostsorted,1000,-3.52
merge,almostsorted,5000,-5.65
merge,almostsorted,10000,-3.70
merge,almostsorted,100000,-4.38
merge,almostsorted,1000000,-2.10
merge,almostsorted,10000000,-3.80
merge,duplicates,16,-0.14
merge,duplicates,32,-2.08
merge,duplicates,64,-3.19
merge,duplicates,128,-3.13
merge,duplicates,256,0.45
merge,duplicates,512,9.11
merge,duplicates,1000,-0.28
merge,duplicates,5000,-2.24
merge,duplicates,10000,-1.20
merge,duplicates,100000,-1.27
merge,duplicates,1000000,4.80
merge,duplicates,10000000,2.24
merge,inverted,16,-0.61
merge,inverted,32,-1.01
merge,inverted,64,-3.05
merge,inverted,128,-4.94
merge,inverted,256,-4.30
merge,inverted,512,-5.32
merge,inverted,1000,3.98
merge,inverted,5000,11.46
merge,inverted,10000,3.27
merge,inverted,100000,11.24
merge,inverted,1000000,6.01
merge,inverted,10000000,-2.20
merge,sawtooth,16,-2.27
merge,sawtooth,32,-5.27
merge,sawtooth,64,-7.26
merge,sawtooth,128,-5.54
merge,sawtooth,256,-5.18
merge,sawtooth,512,-4.96
merge,sawtooth,1000,-5.12
merge,sawtooth,5000,-6.30
merge,sawtooth,10000,-3.32
merge,sawtooth,100000,-2.51
merge,sawtooth,1000000,-2.32
merge,sawtooth,10000000,0.26
merge,organpipe,16,-2.54
merge,organpipe,32,-4.68
merge,organpipe,64,-7.88
merge,organpipe,128,-7.40
merge,organpipe,256,-5.21
merge,organpipe,512,-5.56
merge,organpipe,1000,-5.62
merge,organpipe,5000,-4.25
merge,organpipe,10000,-4.82
merge,organpipe,100000,-4.95
merge,organpipe,1000000,-2.89
merge,organpipe,10000000,-2.62
merge,fewruns,16,-2.94
merge,fewruns,32,-5.48
merge,fewruns,64,-8.40
merge,fewruns,128,-10.45
merge,fewruns,256,-6.97
merge,fewruns,512,-7.67
merge,fewruns,1000,-8.88
merge,fewruns,5000,-6.15
merge,fewruns,10000,-5.21
merge,fewruns,100000,-3.39
merge,fewruns,1000000,-4.42
merge,fewruns,10000000,-8.36
merge,real,16,-0.10
merge,real,32,-3.65
merge,real,64,-4.75
merge,real,128,-5.48
merge,real,256,-5.53
merge,real,512,-5.59
merge,real,1000,-5.70
merge,real,5000,-1.76
merge,real,10000,0.00
merge,real,100000,-5.49
quick,random,16,-10.64
quick,random,32,-7.21
quick,random,64,-8.35
quick,random,128,-9.19
quick,random,256,-8.04
quick,random,512,-6.58
quick,random,1000,-6.57
quick,random,5000,-6.12
quick,random,10000,-4.80
quick,random,100000,-4.25
quick,random,1000000,-2.63
quick,random,10000000,-1.79
quick,turtles,16,-3.72
quick,turtles,32,-8.66
quick,turtles,64,-18.77
quick,turtles,128,-27.72
quick,turtles,256,-9.31
quick,turtles,512,-10.49
quick,turtles,1000,-7.73
quick,turtles,5000,-3.22
quick,turtles,10000,-7.98
quick,turtles,100000,-3.35
quick,turtles,1000000,-0.00
quick,turtles,10000000,-0.30
quick,zigzag,16,6.67
quick,zigzag,32,11.52
quick,zigzag,64,10.85
quick,zigzag,128,13.89
quick,zigzag,256,15.62
quick,zigzag,512,7.77
quick,zigzag,1000,3.60
quick,zigzag,5000,-3.10
quick,zigzag,10000,0.45
quick,zigzag,100000,-7.58
quick,zigzag,1000000,-4.51
quick,zigzag,10000000,-5.96
quick,almostsorted,16,-5.70
quick,almostsorted,32,-6.54
quick,almostsorted,64,-7.25
quick,almostsorted,128,-7.34
quick,almostsorted,256,-13.02
quick,almostsorted,512,-12.70
quick,almostsorted,1000,-7.56
quick,almostsorted,5000,-8.36
quick,almostsorted,10000,-4.52
quick,almostsorted,100000,-9.31
quick,almostsorted,1000000,5.50
quick,almostsorted,10000000,-1.57
quick,duplicates,16,-12.35
quick,duplicates,32,-18.69
quick,duplicates,64,-23.44
quick,duplicates,128,-34.56
quick,duplicates,256,-35.36
quick,duplicates,512,-35.40
quick,duplicates,1000,-59.35
quick,duplicates,5000,-31.95
quick,duplicates,10000,-34.39
quick,duplicates,100000,-34.41
quick,duplicates,1000000,-31.39
quick,duplicates,10000000,-22.62
quick,inverted,16,-0.88
quick,inverted,32,-17.40
quick,inverted,64,-34.70
quick,inverted,128,-18.67
quick,inverted,256,-9.78
quick,inverted,512,-20.03
quick,inverted,1000,-31.40
quick,inverted,5000,-32.60
quick,inverted,10000,-38.39
quick,inverted,100000,-36.88
quick,inverted,1000000,-37.73
quick,inverted,10000000,-42.85
quick,sawtooth,16,-7.32
quick,sawtooth,32,0.25
quick,sawtooth,64,-5.72
quick,sawtooth,128,10.06
quick,sawtooth,256,-51.10
quick,sawtooth,512,-60.45
quick,sawtooth,1000,-8.86
quick,sawtooth,5000,-8.99
quick,sawtooth,10000,-34.18
quick,sawtooth,100000,16.26
quick,sawtooth,1000000,-9.34
quick,sawtooth,10000000,-18.12
quick,organpipe,16,-15.15
quick,organpipe,32,-12.28
quick,organpipe,64,-3.28
quick,organpipe,128,-2.76
quick,organpipe,256,-6.22
quick,organpipe,512,19.26
quick,organpipe,1000,3.05
quick,organpipe,5000,-3.42
quick,organpipe,10000,-0.97
quick,organpipe,100000,-0.79
quick,organpipe,1000000,-0.04
quick,organpipe,10000000,0.65
quick,fewruns,16,5.57
quick,fewruns,32,-9.39
quick,fewruns,64,-9.01
quick,fewruns,128,-11.27
quick,fewruns,256,-9.10
quick,fewruns,512,-12.02
quick,fewruns,1000,-1.37
quick,fewruns,5000,-4.03
quick,fewruns,10000,-2.05
quick,fewruns,100000,-0.40
quick,fewruns,1000000,-0.15
quick,fewruns,10000000,0.02
quick,real,16,-5.67
quick,real,32,-19.39
quick,real,64,-16.30
quick,real,128,-21.60
quick,real,256,-14.59
quick,real,512,-11.22
quick,real,1000,-16.28
quick,real,5000,-22.16
quick,real,10000,-23.27
quick,real,100000,-34.49
insertion,random,16,0.17
insertion,random,32,4.08
insertion,random,64,15.85
insertion,random,128,31.58
insertion,random,256,26.79
insertion,random,512,35.12
insertion,random,1000,34.54
insertion,random,5000,41.76
insertion,random,10000,43.93
insertion,random,100000,44.21
insertion,turtles,16,-2.48
insertion,turtles,32,3.92
insertion,turtles,64,3.40
insertion,turtles,128,22.91
insertion,turtles,256,29.46
insertion,turtles,512,32.62
insertion,turtles,1000,34.11
insertion,turtles,5000,39.18
insertion,turtles,10000,39.95
insertion,turtles,100000,41.03
insertion,zigzag,16,11.39
insertion,zigzag,32,32.30
insertion,zigzag,64,56.57
insertion,zigzag,128,78.08
insertion,zigzag,256,89.89
insertion,zigzag,512,95.16
insertion,zigzag,1000,97.24
insertion,zigzag,5000,99.48
insertion,zigzag,10000,99.74
insertion,zigzag,100000,99.98
insertion,almostsorted,16,-10.46
insertion,almostsorted,32,-33.99
insertion,almostsorted,64,-50.15
insertion,almostsorted,128,-39.08
insertion,almostsorted,256,-20.66
insertion,almostsorted,512,-4.27
insertion,almostsorted,1000,6.93
insertion,almostsorted,5000,26.86
insertion,almostsorted,10000,28.57
insertion,almostsorted,100000,39.28
insertion,duplicates,16,-0.00
insertion,duplicates,32,4.42
insertion,duplicates,64,19.38
insertion,duplicates,128,50.68
insertion,duplicates,256,43.24
insertion,duplicates,512,43.96
insertion,duplicates,1000,43.84
insertion,duplicates,5000,58.23
insertion,duplicates,10000,60.34
insertion,duplicates,100000,61.76
insertion,inverted,16,19.26
insertion,inverted,32,47.11
insertion,inverted,64,71.75
insertion,inverted,128,88.95
insertion,inverted,256,95.25
insertion,inverted,512,97.53
insertion,inverted,1000,98.57
insertion,inverted,5000,99.74
insertion,inverted,10000,99.88
insertion,inverted,100000,99.99
insertion,sawtooth,16,-9.35
insertion,sawtooth,32,-22.39
insertion,sawtooth,64,-4.19
insertion,sawtooth,128,17.42
insertion,sawtooth,256,39.09
insertion,sawtooth,512,40.75
insertion,sawtooth,1000,21.54
insertion,sawtooth,5000,29.83
insertion,sawtooth,10000,52.33
insertion,sawtooth,100000,53.02
insertion,organpipe,16,-0.13
insertion,organpipe,32,-3.75
insertion,organpipe,64,-17.43
insertion,organpipe,128,-19.66
insertion,organpipe,256,-10.09
insertion,organpipe,512,-5.61
insertion,organpipe,1000,0.20
insertion,organpipe,5000,-1.61
insertion,organpipe,10000,0.03
insertion,organpipe,100000,-0.70
insertion,fewruns,16,-9.11
insertion,fewruns,32,-18.06
insertion,fewruns,64,-32.53
insertion,fewruns,128,-32.48
insertion,fewruns,256,-20.18
insertion,fewruns,512,-1.35
insertion,fewruns,1000,-3.13
insertion,fewruns,5000,-1.08
insertion,fewruns,10000,2.46
insertion,fewruns,100000,0.37
insertion,real,16,4.09
insertion,real,32,-3.74
insertion,real,64,0.44
insertion,real,128,24.92
insertion,real,256,29.74
insertion,real,512,38.99
insertion,real,1000,44.48
insertion,real,5000,41.83
insertion,real,10000,42.22
insertion,real,100000,46.20
bubble,random,16,8.91
bubble,random,32,15.14
bubble,random,64,31.95
bubble,random,128,18.36
bubble,random,256,11.25
bubble,random,512,11.39
bubble,random,1000,13.03
bubble,random,5000,14.88
bubble,random,10000,14.87
bubble,random,100000,25.63
bubble,turtles,16,-0.25
bubble,turtles,32,10.91
bubble,turtles,64,15.08
bubble,turtles,128,23.72
bubble,turtles,256,28.71
bubble,turtles,512,25.31
bubble,turtles,1000,25.47
bubble,turtles,5000,26.60
bubble,turtles,10000,26.25
bubble,turtles,100000,28.21
bubble,zigzag,16,23.55
bubble,zigzag,32,57.12
bubble,zigzag,64,79.00
bubble,zigzag,128,91.19
bubble,zigzag,256,96.05
bubble,zigzag,512,98.10
bubble,zigzag,1000,98.87
bubble,zigzag,5000,99.81
bubble,zigzag,10000,99.91
bubble,zigzag,100000,99.99
bubble,almostsorted,16,-7.49
bubble,almostsorted,32,-18.57
bubble,almostsorted,64,-53.64
bubble,almostsorted,128,51.39
bubble,almostsorted,256,61.60
bubble,almostsorted,512,45.94
bubble,almostsorted,1000,41.39
bubble,almostsorted,5000,17.89
bubble,almostsorted,10000,16.50
bubble,almostsorted,100000,6.59
bubble,duplicates,16,8.84
bubble,duplicates,32,17.07
bubble,duplicates,64,27.15
bubble,duplicates,128,41.26
bubble,duplicates,256,22.53
bubble,duplicates,512,20.03
bubble,duplicates,1000,17.03
bubble,duplicates,5000,18.11
bubble,duplicates,10000,20.06
bubble,duplicates,100000,36.84
bubble,inverted,16,34.82
bubble,inverted,32,66.74
bubble,inverted,64,86.06
bubble,inverted,128,94.86
bubble,inverted,256,97.75
bubble,inverted,512,98.93
bubble,inverted,1000,99.48
bubble,inverted,5000,99.90
bubble,inverted,10000,99.96
bubble,inverted,100000,100.00
bubble,sawtooth,16,-7.00
bubble,sawtooth,32,-6.75
bubble,sawtooth,64,15.62
bubble,sawtooth,128,26.41
bubble,sawtooth,256,31.23
bubble,sawtooth,512,32.30
bubble,sawtooth,1000,13.65
bubble,sawtooth,5000,12.65
bubble,sawtooth,10000,33.83
bubble,sawtooth,100000,33.65
bubble,organpipe,16,-5.94
bubble,organpipe,32,-3.21
bubble,organpipe,64,-6.04
bubble,organpipe,128,-1.81
bubble,organpipe,256,-2.27
bubble,organpipe,512,-0.93
bubble,organpipe,1000,-0.24
bubble,organpipe,5000,-0.72
bubble,organpipe,10000,-0.73
bubble,organpipe,100000,-0.31
bubble,fewruns,16,-7.45
bubble,fewruns,32,-6.37
bubble,fewruns,64,-9.62
bubble,fewruns,128,-4.59
bubble,fewruns,256,-0.88
bubble,fewruns,512,17.38
bubble,fewruns,1000,-2.91
bubble,fewruns,5000,-0.88
bubble,fewruns,10000,0.31
bubble,fewruns,100000,-0.44
bubble,real,16,-1.64
bubble,real,32,14.34
bubble,real,64,4.96
bubble,real,128,13.59
bubble,real,256,3.14
bubble,real,512,5.42
bubble,real,1000,9.40
bubble,real,5000,9.32
bubble,real,10000,13.56
bubble,real,100000,-1.64
selection,random,16,-8.15
selection,random,32,-4.98
selection,random,64,-2.71
selection,random,128,2.42
selection,random,256,-0.76
selection,random,512,0.60
selection,random,1000,-1.57
selection,random,5000,1.22
selection,random,10000,-0.57
selection,random,100000,0.97
selection,turtles,16,-7.06
selection,turtles,32,0.62
selection,turtles,64,2.72
selection,turtles,128,4.67
selection,turtles,256,-1.13
selection,turtles,512,3.32
selection,turtles,1000,1.39
selection,turtles,5000,3.84
selection,turtles,10000,3.09
selection,turtles,100000,3.51
selection,zigzag,16,-11.08
selection,zigzag,32,-5.62
selection,zigzag,64,-2.70
selection,zigzag,128,-5.16
selection,zigzag,256,2.09
selection,zigzag,512,0.67
selection,zigzag,1000,-0.51
selection,zigzag,5000,0.97
selection,zigzag,10000,0.11
selection,zigzag,100000,2.31
selection,almostsorted,16,-8.79
selection,almostsorted,32,-6.65
selection,almostsorted,64,-5.19
selection,almostsorted,128,-1.67
selection,almostsorted,256,-2.04
selection,almostsorted,512,-1.40
selection,almostsorted,1000,-0.57
selection,almostsorted,5000,1.17
selection,almostsorted,10000,-0.43
selection,almostsorted,100000,-0.79
selection,duplicates,16,-10.30
selection,duplicates,32,-6.84
selection,duplicates,64,-1.19
selection,duplicates,128,1.56
selection,duplicates,256,2.22
selection,duplicates,512,-0.03
selection,duplicates,1000,-1.45
selection,duplicates,5000,0.64
selection,duplicates,10000,-1.02
selection,duplicates,100000,0.68
selection,inverted,16,-10.79
selection,inverted,32,-10.43
selection,inverted,64,-14.99
selection,inverted,128,-17.43
selection,inverted,256,-11.31
selection,inverted,512,-8.62
selection,inverted,1000,-9.93
selection,inverted,5000,-10.81
selection,inverted,10000,-9.14
selection,inverted,100000,-12.78
selection,sawtooth,16,-9.35
selection,sawtooth,32,-7.10
selection,sawtooth,64,-4.50
selection,sawtooth,128,-1.94
selection,sawtooth,256,0.18
selection,sawtooth,512,-1.10
selection,sawtooth,1000,0.09
selection,sawtooth,5000,-0.17
selection,sawtooth,10000,-0.42
selection,sawtooth,100000,0.08
selection,organpipe,16,-8.92
selection,organpipe,32,-10.22
selection,organpipe,64,-6.10
selection,organpipe,128,-3.68
selection,organpipe,256,-0.87
selection,organpipe,512,-1.01
selection,organpipe,1000,-0.47
selection,organpipe,5000,0.85
selection,organpipe,10000,0.47
selection,organpipe,100000,0.17
selection,fewruns,16,-6.88
selection,fewruns,32,-10.21
selection,fewruns,64,-6.99
selection,fewruns,128,-3.66
selection,fewruns,256,-0.31
selection,fewruns,512,0.85
selection,fewruns,1000,0.17
selection,fewruns,5000,-0.62
selection,fewruns,10000,1.19
selection,fewruns,100000,0.10
selection,real,16,-16.85
selection,real,32,-7.71
selection,real,64,-6.39
selection,real,128,-0.65
selection,real,256,-1.75
selection,real,512,0.23
selection,real,1000,-0.74
selection,real,5000,-0.73
selection,real,10000,-0.06
selection,real,100000,-0.33
stdunstable,random,16,0.87
stdunstable,random,32,-11.24
stdunstable,random,64,-14.76
stdunstable,random,128,-19.34
stdunstable,random,256,-19.81
stdunstable,random,512,-19.36
stdunstable,random,1000,-77.51
stdunstable,random,5000,-42.86
stdunstable,random,10000,-33.75
stdunstable,random,100000,-31.77
stdunstable,random,1000000,-27.63
stdunstable,random,10000000,-24.71
stdunstable,turtles,16,-2.09
stdunstable,turtles,32,-19.73
stdunstable,turtles,64,-7.62
stdunstable,turtles,128,-9.77
stdunstable,turtles,256,-13.48
stdunstable,turtles,512,-16.99
stdunstable,turtles,1000,-1.60
stdunstable,turtles,5000,-11.60
stdunstable,turtles,10000,-8.65
stdunstable,turtles,100000,-9.09
stdunstable,turtles,1000000,-3.63
stdunstable,turtles,10000000,-9.74
stdunstable,zigzag,16,8.75
stdunstable,zigzag,32,-1.16
stdunstable,zigzag,64,-14.74
stdunstable,zigzag,128,-1.27
stdunstable,zigzag,256,0.37
stdunstable,zigzag,512,-2.96
stdunstable,zigzag,1000,7.80
stdunstable,zigzag,5000,12.69
stdunstable,zigzag,10000,6.42
stdunstable,zigzag,100000,15.58
stdunstable,zigzag,1000000,19.99
stdunstable,zigzag,10000000,19.85
stdunstable,almostsorted,16,-6.23
stdunstable,almostsorted,32,-22.14
stdunstable,almostsorted,64,-61.07
stdunstable,almostsorted,128,-12.48
stdunstable,almostsorted,256,-10.34
stdunstable,almostsorted,512,-7.38
stdunstable,almostsorted,1000,-18.22
stdunstable,almostsorted,5000,-8.82
stdunstable,almostsorted,10000,-9.27
stdunstable,almostsorted,100000,-8.09
stdunstable,almostsorted,1000000,-4.79
stdunstable,almostsorted,10000000,-4.84
stdunstable,duplicates,16,-1.22
stdunstable,duplicates,32,-8.89
stdunstable,duplicates,64,-17.09
stdunstable,duplicates,128,-30.04
stdunstable,duplicates,256,-38.61
stdunstable,duplicates,512,-45.14
stdunstable,duplicates,1000,-48.30
stdunstable,duplicates,5000,-175.34
stdunstable,duplicates,10000,-170.77
stdunstable,duplicates,100000,-213.70
stdunstable,duplicates,1000000,-194.30
stdunstable,duplicates,10000000,-189.66
stdunstable,inverted,16,21.67
stdunstable,inverted,32,-16.94
stdunstable,inverted,64,-44.81
stdunstable,inverted,128,-65.65
stdunstable,inverted,256,-70.34
stdunstable,inverted,512,-96.10
stdunstable,inverted,1000,-94.53
stdunstable,inverted,5000,-92.96
stdunstable,inverted,10000,-109.68
stdunstable,inverted,100000,-136.51
stdunstable,inverted,1000000,-87.13
stdunstable,inverted,10000000,-66.96
stdunstable,sawtooth,16,-6.98
stdunstable,sawtooth,32,-19.33
stdunstable,sawtooth,64,-5.82
stdunstable,sawtooth,128,-9.78
stdunstable,sawtooth,256,-4.89
stdunstable,sawtooth,512,-12.53
stdunstable,sawtooth,1000,-14.11
stdunstable,sawtooth,5000,-21.51
stdunstable,sawtooth,10000,-25.15
stdunstable,sawtooth,100000,-20.54
stdunstable,sawtooth,1000000,-10.25
stdunstable,sawtooth,10000000,-29.43
stdunstable,organpipe,16,3.84
stdunstable,organpipe,32,-12.68
stdunstable,organpipe,64,-2.84
stdunstable,organpipe,128,-12.74
stdunstable,organpipe,256,-14.44
stdunstable,organpipe,512,-13.74
stdunstable,organpipe,1000,-9.15
stdunstable,organpipe,5000,-7.73
stdunstable,organpipe,10000,-6.33
stdunstable,organpipe,100000,-6.30
stdunstable,organpipe,1000000,-4.60
stdunstable,organpipe,10000000,-4.68
stdunstable,fewruns,16,-3.42
stdunstable,fewruns,32,-12.18
stdunstable,fewruns,64,-21.09
stdunstable,fewruns,128,-5.46
stdunstable,fewruns,256,-15.95
stdunstable,fewruns,512,-12.97
stdunstable,fewruns,1000,-13.02
stdunstable,fewruns,5000,-11.97
stdunstable,fewruns,10000,-9.11
stdunstable,fewruns,100000,-8.99
stdunstable,fewruns,1000000,-5.05
stdunstable,fewruns,10000000,-3.96
stdunstable,real,16,-1.68
stdunstable,real,32,-10.51
stdunstable,real,64,-14.15
stdunstable,real,128,-14.38
stdunstable,real,256,-20.75
stdunstable,real,512,-24.65
stdunstable,real,1000,-19.34
stdunstable,real,5000,-23.64
stdunstable,real,10000,-26.75
stdunstable,real,100000,-96.31
stdstable,random,16,3.29
stdstable,random,32,-3.32
stdstable,random,64,0.89
stdstable,random,128,-13.16
stdstable,random,256,-13.41
stdstable,random,512,-55.71
stdstable,random,1000,-32.12
stdstable,random,5000,-25.55
stdstable,random,10000,-25.89
stdstable,random,100000,-24.70
stdstable,random,1000000,-19.35
stdstable,random,10000000,-14.70
stdstable,turtles,16,0.76
stdstable,turtles,32,-24.13
stdstable,turtles,64,-15.41
stdstable,turtles,128,-18.07
stdstable,turtles,256,-20.09
stdstable,turtles,512,-32.70
stdstable,turtles,1000,-7.35
stdstable,turtles,5000,-51.16
stdstable,turtles,10000,-18.53
stdstable,turtles,100000,-10.48
stdstable,turtles,1000000,-3.37
stdstable,turtles,10000000,-33.74
stdstable,zigzag,16,9.69
stdstable,zigzag,32,-11.67
stdstable,zigzag,64,35.78
stdstable,zigzag,128,21.90
stdstable,zigzag,256,30.29
stdstable,zigzag,512,36.00
stdstable,zigzag,1000,40.82
stdstable,zigzag,5000,50.87
stdstable,zigzag,10000,49.07
stdstable,zigzag,100000,53.37
stdstable,zigzag,1000000,57.50
stdstable,zigzag,10000000,48.61
stdstable,almostsorted,16,-4.02
stdstable,almostsorted,32,-15.64
stdstable,almostsorted,64,-50.86
stdstable,almostsorted,128,-0.52
stdstable,almostsorted,256,29.37
stdstable,almostsorted,512,13.17
stdstable,almostsorted,1000,5.18
stdstable,almostsorted,5000,-1.25
stdstable,almostsorted,10000,-1.88
stdstable,almostsorted,100000,-2.07
stdstable,almostsorted,1000000,-3.98
stdstable,almostsorted,10000000,-4.38
stdstable,duplicates,16,-2.56
stdstable,duplicates,32,-3.05
stdstable,duplicates,64,1.63
stdstable,duplicates,128,-21.16
stdstable,duplicates,256,-32.40
stdstable,duplicates,512,-38.14
stdstable,duplicates,1000,-28.32
stdstable,duplicates,5000,-134.36
stdstable,duplicates,10000,-145.33
stdstable,duplicates,100000,-189.75
stdstable,duplicates,1000000,-97.98
stdstable,duplicates,10000000,-48.97
stdstable,inverted,16,21.28
stdstable,inverted,32,-14.86
stdstable,inverted,64,-40.53
stdstable,inverted,128,-52.65
stdstable,inverted,256,-63.10
stdstable,inverted,512,-81.84
stdstable,inverted,1000,-79.69
stdstable,inverted,5000,-93.02
stdstable,inverted,10000,-88.25
stdstable,inverted,100000,-130.14
stdstable,inverted,1000000,-88.56
stdstable,inverted,10000000,-65.32
stdstable,sawtooth,16,-3.28
stdstable,sawtooth,32,-37.01
stdstable,sawtooth,64,-17.10
stdstable,sawtooth,128,-13.87
stdstable,sawtooth,256,-11.85
stdstable,sawtooth,512,-1.94
stdstable,sawtooth,1000,-6.17
stdstable,sawtooth,5000,-3.69
stdstable,sawtooth,10000,-12.75
stdstable,sawtooth,100000,-7.99
stdstable,sawtooth,1000000,0.01
stdstable,sawtooth,10000000,12.20
stdstable,organpipe,16,3.23
stdstable,organpipe,32,-1.66
stdstable,organpipe,64,-11.48
stdstable,organpipe,128,-15.77
stdstable,organpipe,256,-106.86
stdstable,organpipe,512,-73.55
stdstable,organpipe,1000,-69.86
stdstable,organpipe,5000,-66.43
stdstable,organpipe,10000,-71.26
stdstable,organpipe,100000,-70.47
stdstable,organpipe,1000000,-58.10
stdstable,organpipe,10000000,-65.45
stdstable,fewruns,16,-6.44
stdstable,fewruns,32,-5.87
stdstable,fewruns,64,-8.75
stdstable,fewruns,128,-8.10
stdstable,fewruns,256,-11.52
stdstable,fewruns,512,-23.50
stdstable,fewruns,1000,-38.06
stdstable,fewruns,5000,-28.40
stdstable,fewruns,10000,-28.50
stdstable,fewruns,100000,-30.23
stdstable,fewruns,1000000,-22.87
stdstable,fewruns,10000000,-21.90
stdstable,real,16,0.60
stdstable,real,32,-2.81
stdstable,real,64,0.75
stdstable,real,128,-10.56
stdstable,real,256,-10.51
stdstable,real,512,-16.01
stdstable,real,1000,-8.31
stdstable,real,5000,-21.02
stdstable,real,10000,-15.47
stdstable,real,100000,-84.44
descreverse,random,16,0.59
descreverse,random,32,7.59
descreverse,random,64,17.67
descreverse,random,128,30.08
descreverse,random,256,27.79
descreverse,random,512,32.63
descreverse,random,1000,36.14
descreverse,random,5000,43.47
descreverse,random,10000,44.00
descreverse,random,100000,44.38
descreverse,turtles,16,-10.11
descreverse,turtles,32,12.02
descreverse,turtles,64,11.95
descreverse,turtles,128,27.38
descreverse,turtles,256,29.57
descreverse,turtles,512,32.13
descreverse,turtles,1000,35.38
descreverse,turtles,5000,39.62
descreverse,turtles,10000,40.41
descreverse,turtles,100000,40.78
descreverse,zigzag,16,14.67
descreverse,zigzag,32,38.33
descreverse,zigzag,64,57.96
descreverse,zigzag,128,77.53
descreverse,zigzag,256,89.76
descreverse,zigzag,512,94.99
descreverse,zigzag,1000,97.32
descreverse,zigzag,5000,99.49
descreverse,zigzag,10000,99.75
descreverse,zigzag,100000,99.98
descreverse,almostsorted,16,-9.33
descreverse,almostsorted,32,-26.24
descreverse,almostsorted,64,-47.99
descreverse,almostsorted,128,-35.24
descreverse,almostsorted,256,-18.18
descreverse,almostsorted,512,-4.09
descreverse,almostsorted,1000,3.63
descreverse,almostsorted,5000,22.28
descreverse,almostsorted,10000,27.36
descreverse,almostsorted,100000,39.74
descreverse,duplicates,16,-0.50
descreverse,duplicates,32,5.92
descreverse,duplicates,64,19.52
descreverse,duplicates,128,49.60
descreverse,duplicates,256,44.88
descreverse,duplicates,512,44.13
descreverse,duplicates,1000,46.25
descreverse,duplicates,5000,57.79
descreverse,duplicates,10000,60.37
descreverse,duplicates,100000,62.42
descreverse,inverted,16,-1.74
descreverse,inverted,32,-7.94
descreverse,inverted,64,-12.31
descreverse,inverted,128,-17.71
descreverse,inverted,256,-18.04
descreverse,inverted,512,-19.45
descreverse,inverted,1000,-19.88
descreverse,inverted,5000,-10.43
descreverse,inverted,10000,-7.50
descreverse,inverted,100000,-8.53
descreverse,sawtooth,16,-13.23
descreverse,sawtooth,32,-18.03
descreverse,sawtooth,64,1.44
descreverse,sawtooth,128,20.89
descreverse,sawtooth,256,38.14
descreverse,sawtooth,512,43.01
descreverse,sawtooth,1000,23.84
descreverse,sawtooth,5000,30.46
descreverse,sawtooth,10000,51.70
descreverse,sawtooth,100000,52.90
descreverse,organpipe,16,-5.95
descreverse,organpipe,32,-9.15
descreverse,organpipe,64,-12.75
descreverse,organpipe,128,-16.69
descreverse,organpipe,256,-11.30
descreverse,organpipe,512,-4.67
descreverse,organpipe,1000,-3.22
descreverse,organpipe,5000,-1.26
descreverse,organpipe,10000,-0.95
descreverse,organpipe,100000,0.10
descreverse,fewruns,16,-7.00
descreverse,fewruns,32,-10.18
descreverse,fewruns,64,-30.04
descreverse,fewruns,128,-26.89
descreverse,fewruns,256,-19.30
descreverse,fewruns,512,-7.93
descreverse,fewruns,1000,-4.09
descreverse,fewruns,5000,0.97
descreverse,fewruns,10000,-0.38
descreverse,fewruns,100000,0.29
descreverse,real,16,1.23
descreverse,real,32,-6.00
descreverse,real,64,-1.90
descreverse,real,128,20.69
descreverse,real,256,28.82
descreverse,real,512,35.11
descreverse,real,1000,37.50
descreverse,real,5000,42.31
descreverse,real,10000,42.01
descreverse,real,100000,45.47
