tipo,tamanho,inversoes_iniciais,inversoes_pos_pre,reducao_pct
random,1000,250281,136092,45.62
random,5000,6223321,3415941,45.11
random,10000,24960120,13681366,45.19
random,100000,2500465765,1369760452,45.22
random,1000000,250012105511,136996196997,45.20
random,10000000,25000775574927,13697778107005,45.21
turtles,1000,305125,182125,40.31
turtles,5000,7650625,4535625,40.72
turtles,10000,30613750,18133750,40.77
turtles,100000,3062387500,1812587500,40.81
turtles,1000000,306248875000,181250875000,40.82
turtles,10000000,30624988750000,18125008750000,40.82
zigzag,1000,249750,251,99.90
zigzag,5000,6248750,1251,99.98
zigzag,10000,24997500,2501,99.99
zigzag,100000,2499975000,25001,100.00
zigzag,1000000,249999750000,250001,100.00
zigzag,10000000,24999997500000,2500001,100.00
almostsorted,1000,6661,3246,51.27
almostsorted,5000,163628,91600,44.02
almostsorted,10000,654922,377149,42.41
almostsorted,100000,65815249,39094565,40.60
almostsorted,1000000,6568228210,3923702806,40.26
almostsorted,10000000,656617332969,392456284897,40.23
duplicates,1000,166029,63478,61.77
duplicates,5000,4152072,1574658,62.08
duplicates,10000,16633993,6300346,62.12
duplicates,100000,1666815211,629947286,62.21
duplicates,1000000,166659083576,62960742879,62.22
duplicates,10000000,16666436712299,6296545625446,62.22
inverted,1000,499500,0,100.00
inverted,5000,12497500,0,100.00
inverted,10000,49995000,0,100.00
inverted,100000,4999950000,0,100.00
inverted,1000000,499999500000,0,100.00
inverted,10000000,49999995000000,0,100.00
sawtooth,1000,232624,156240,32.84
sawtooth,5000,5850624,3906240,33.23
sawtooth,10000,23400000,10937472,53.26
sawtooth,100000,2343375000,1093750000,53.33
sawtooth,1000000,234371250000,109375000000,53.33
sawtooth,10000000,23437462500000,10937500000000,53.33
organpipe,1000,249500,248504,0.40
organpipe,5000,6247500,6242504,0.08
organpipe,10000,24995000,24985004,0.04
organpipe,100000,2499950000,2499850004,0.00
organpipe,1000000,249999500000,249998500004,0.00
organpipe,10000000,24999995000000,24999985000004,0.00
fewruns,1000,31000,30505,1.60
fewruns,5000,780000,777505,0.32
fewruns,10000,3122500,3117505,0.16
fewruns,100000,312475000,312425005,0.02
fewruns,1000000,31249750000,31249250005,0.00
fewruns,10000000,3124997500000,3124992500005,0.00
real,1000,237108,131084,44.72
real,5000,5865341,3245168,44.67
real,10000,22447037,12789942,43.02
real,100000,2476039474,1335550685,46.06
