tipo,merge,quick,insertion,bubble,selection
Aleatório,-2.54,-4.80,43.93,14.87,-0.57,-33.75,-25.89,44.00
Tartarugas,-14.16,-7.98,39.95,26.25,3.09,-8.65,-18.53,40.41
Zigue-zague,15.67,0.45,99.74,99.91,0.11,6.42,49.07,99.75
Quase ordenado,-3.70,-4.52,28.57,16.50,-0.43,-9.27,-1.88,27.36
Duplicados,-1.20,-34.39,60.34,20.06,-1.02,-170.77,-145.33,60.37
Invertido,3.27,-38.39,99.88,99.96,-9.14,-109.68,-88.25,-7.50
Serra,-3.32,-34.18,52.33,33.83,-0.42,-25.15,-12.75,51.70
Tubo,-4.82,-0.97,0.03,-0.73,0.47,-6.33,-71.26,-0.95
Runs,-5.21,-2.05,2.46,0.31,1.19,-9.11,-28.50,-0.38
Real,0.00,-23.27,42.22,13.56,-0.06,-26.75,-15.47,42.01
