n,insertion_random,bubble_random,merge_zigzag,merge_inverted,quick_random,quick_almostsorted,stdunstable_random,insertion_sawtooth,insertion_organpipe
16,0.17,8.91,5.25,-0.61,-10.64,-5.70,0.87,-9.35,-0.13
32,4.08,15.14,1.84,-1.01,-7.21,-6.54,-11.24,-22.39,-3.75
64,15.85,31.95,1.92,-3.05,-8.35,-7.25,-14.76,-4.19,-17.43
128,31.58,18.36,4.32,-4.94,-9.19,-7.34,-19.34,17.42,-19.66
256,26.79,11.25,4.79,-4.30,-8.04,-13.02,-19.81,39.09,-10.09
512,35.12,11.39,7.80,-5.32,-6.58,-12.70,-19.36,40.75,-5.61
1000,34.54,13.03,7.46,3.98,-6.57,-7.56,-77.51,21.54,0.20
5000,41.76,14.88,14.18,11.46,-6.12,-8.36,-42.86,29.83,-1.61
10000,43.93,14.87,15.67,3.27,-4.80,-4.52,-33.75,52.33,0.03
100000,44.21,25.63,16.02,11.24,-4.25,-9.31,-31.77,53.02,-0.70
1000000,nan,nan,18.62,6.01,-2.63,5.50,-27.63,nan,nan
10000000,nan,nan,16.70,-2.20,-1.79,-1.57,-24.71,nan,nan
